filename,doc_type,tier,url,source_page,link_text,liferay_version,liferay_timestamp,date_downloaded,file_size_kb,file_hash_md5,is_superseded
Forms.pdf,Regulation,gold,https://irdai.gov.in/documents/37343/620662/policyholder+complaints+registration+form29092021.pdf/5ff5e0af-a34e-6cba-91d2-fe053b076624?t=1633587167192,https://irdai.gov.in/consolidated-gazette-notified-regulations,Forms,0.0,1633587167,2026-08-02 09:19:53,536.0,eadd8c790358e9418a311371e507e460,false
IRDAI_Registration_Capital_Structure_Transfer_of_Shares_and_Amalgamation_of_Insurers_Amendment_Regulations.pdf,Regulation,gold,https://irdai.gov.in/documents/37343/366405/IRDAI+%28Registration%2C+Capital+Structure%2C+Transfer+of+Shares+and+Amalgamation+of+Insurers%29+%28Amendment%29+Regulations.pdf/e8b97019-209f-4e0b-8649-14e6c9ccdb33?version=2.0&t=1785575415742&download=true,https://irdai.gov.in/consolidated-gazette-notified-regulations,"IRDAI (Registration, Capital Structure, Transfer of Shares and Amalgamation of Insurers) (Amendment) Regulations.pdf",2.0,1785575415,2026-08-02 09:20:01,8825.8,3f39c3f8cd6e7672f3bfd7767f0724a9,false
Insurance_Regulatory_And_Development_Authority_Of_India_Registration_Of_Insurance_Marketing_Firm_Regulations_2015.pdf,Regulation,gold,https://irdai.gov.in/documents/37343/602265/Insurance+Regulatory+And+Development+Authority+Of+India+%28Registration+Of+Insurance+Marketing+Firm%29+Regulations%2C+2015.pdf/ac19f516-9ab2-bcba-30ea-5be184a65925?version=1.5&t=1665122937054&download=true,https://irdai.gov.in/updated-regulations,"Insurance Regulatory And Development Authority Of India (Registration Of Insurance Marketing Firm) Regulations, 2015.pdf",1.5,1665122937,2026-08-02 09:20:17,29308.2,8117bf239a500a6ceed7fc1afb1fa68d,false
IRDAI_Qualification_Of_Actuary_Repeal_Regulations_2016.pdf,Regulation,gold,https://irdai.gov.in/documents/37343/602265/IRDAI+%28Qualification+Of+Actuary%29+%28Repeal%29+Regulations%2C+2016.pdf/9eb1af29-04be-578f-c83c-5464713a40f1?version=1.3&t=1665255548868&download=true,https://irdai.gov.in/updated-regulations,"IRDAI (Qualification Of Actuary) (Repeal) Regulations, 2016.pdf",1.3,1665255548,2026-08-02 09:20:33,66.8,b7d0de4504243419b6c1c62c2465fa26,false
IRDAI_Re-Insurance_Advisory_Committee_Regulations_2019.pdf,Regulation,gold,https://irdai.gov.in/documents/37343/602265/IRDAI+%28Re-Insurance+Advisory+Committee%29+Regulations%2C+2019.pdf/8cc2bf4b-c3c8-cf1e-77df-23c9382f399a?version=1.3&t=1665255599787&download=true,https://irdai.gov.in/updated-regulations,"IRDAI (Re-Insurance Advisory Committee) Regulations, 2019.pdf",1.3,1665255599,2026-08-02 09:20:35,359.9,dcbb08f2d93dc717bf511c6b61311a7f,false
Insurance_Regulatory_And_Development_Authority_Of_India_Health_Insurance_Regulations_2016.pdf,Regulation,gold,https://irdai.gov.in/documents/37343/602265/Insurance+Regulatory+And+Development+Authority+Of+India+%28Health+Insurance%29+Regulations%2C+2016.pdf/f87f507f-3605-c31b-638c-6390da84f288?version=1.5&t=1665253555446&download=true,https://irdai.gov.in/updated-regulations,"Insurance Regulatory And Development Authority Of India (Health Insurance) Regulations, 2016.pdf",1.5,1665253555,2026-08-02 09:20:46,22108.7,18c5a7e6d2619cb54a4f030868bcf028,false
Insurance_Regulatory_and_Development_Authority_of_India_Appointed_Actuary_Regulations_2017.pdf,Regulation,gold,https://irdai.gov.in/documents/37343/602265/Insurance+Regulatory+and+Development+Authority+of+India+%28Appointed+Actuary%29+Regulations%2C+2017.pdf/1ca93f21-7508-c6c0-6b9a-174327caa72f?version=1.5&t=1665253348996&download=true,https://irdai.gov.in/updated-regulations,"Insurance Regulatory and Development Authority of India (Appointed Actuary) Regulations, 2017.pdf",1.5,1665253348,2026-08-02 09:20:49,586.0,51e080233082383cff523b9e58f92896,false
Insurance_Regulatory_and_Development_Authority_Insurance_Advertisements_and_Disclosure_Regulations_2021.pdf,Regulation,gold,https://irdai.gov.in/documents/37343/602265/Insurance+Regulatory+and+Development+Authority+%28Insurance+Advertisements+and+Disclosure%29+Regulations%2C+2021.pdf/5d7aba6a-af29-b142-c278-2038dba161aa?version=1.4&t=1665252890250&download=true,https://irdai.gov.in/updated-regulations,"Insurance Regulatory and Development Authority (Insurance Advertisements and Disclosure) Regulations, 2021.pdf",1.4,1665252890,2026-08-02 09:20:51,1775.8,81e3c08724ecf738358ae191726755b4,false
Insurance_Regulatory_And_Development_Authority_Of_India_Third_Party_Administrators-_Health_Services_Regulations_2016.pdf,Regulation,gold,https://irdai.gov.in/documents/37343/602265/Insurance+Regulatory+And+Development+Authority+Of+India+%28Third+Party+Administrators-+Health+Services%29+Regulations%2C+2016.pdf/22ca07fe-9c8d-80f5-83c1-5db755504384?version=1.4&t=1665254362105&download=true,https://irdai.gov.in/updated-regulations,"Insurance Regulatory And Development Authority Of India (Third Party Administrators- Health Services) Regulations, 2016.pdf",1.4,1665254362,2026-08-02 09:21:02,22352.6,3d1bc1764ff00db642c83b76c9430d02,false
Insurance_Regulatory_and_Development_Authority_of_India_Lloyd_s_India_Regulations_2016.pdf,Regulation,gold,https://irdai.gov.in/documents/37343/602265/Insurance+Regulatory+and+Development+Authority+of+India+%28Lloyd%E2%80%99s+India%29+Regulations%2C+2016.pdf/7085538d-b9bf-7dd9-1ec7-f847f95142d4?version=1.4&t=1665254066668&download=true,https://irdai.gov.in/updated-regulations,"Insurance Regulatory and Development Authority of India (Lloyd’s India) Regulations, 2016.pdf",1.4,1665254066,2026-08-02 09:21:04,389.8,f41de9b45656706c9ae3e77752da2da5,false
IRDAI_s_Payment_of_commission_remuneration_and_rewards_to_insurance_agents_and_insurance_intermediaries_Regulations_2016.pdf,Regulation,gold,https://irdai.gov.in/documents/37343/602265/IRDAI%27s+%28Payment+of+commission%2C+remuneration+and+rewards+to+insurance+agents+and+insurance+intermediaries%29+Regulations+2016.pdf/a1fa94b3-bfc7-4260-ea79-109ff22e74a0?version=1.5&t=1665256103376&download=true,https://irdai.gov.in/updated-regulations,"IRDAI's (Payment of commission, remuneration and rewards to insurance agents and insurance intermediaries) Regulations 2016.pdf",1.5,1665256103,2026-08-02 09:21:06,476.8,d4596aafc376bdddd7c9c35ce390abd7,false
Insurance_Regulatory_and_Development_Authority_Registration_of_Indian_Insurance_Companies_Regulations_2000_Updated_upto_8th_Amendment_.pdf,Regulation,gold,https://irdai.gov.in/documents/37343/602265/Insurance+Regulatory+and+Development+Authority+%28Registration+of+Indian+Insurance+Companies%29+Regulations%2C+2000+%28Updated+upto+8th+Amendment%29.pdf/783aeac9-ff12-2bae-fdfc-74c83d31b7c0?version=1.4&t=1665253127440&download=true,https://irdai.gov.in/updated-regulations,"Insurance Regulatory and Development Authority (Registration of Indian Insurance Companies) Regulations, 2000 (Updated upto 8th Amendment).pdf",1.4,1665253127,2026-08-02 09:21:08,681.5,d72aa8dc2cb3a868a2696698fc6fa456,false
Insurance_Regulatory_and_Development_Authority_Sharing_of_Confidential_Information_concerning_domestic_or_foreign_Entity_Regulations_2012.pdf,Regulation,gold,https://irdai.gov.in/documents/37343/602265/Insurance+Regulatory+and+Development+Authority+%28Sharing+of+Confidential+Information+concerning+domestic+or+foreign+Entity%29+Regulations%2C+2012.pdf/1c6c2eff-ae63-def7-46ce-700c37ae9d90?version=1.3&t=1665253302796&download=true,https://irdai.gov.in/updated-regulations,"Insurance Regulatory and Development Authority (Sharing of Confidential Information concerning domestic or foreign Entity) Regulations, 2012.pdf",1.3,1665253302,2026-08-02 09:21:10,233.5,4bfa5e2942f1f68258f3b7841d2b9fc6,false
Insurance_Regulatory_and_Development_Authority_of_India_Inspection_and_Fee_for_Supply_of_Copies_of_Returns_Regulations_2015.pdf,Regulation,gold,https://irdai.gov.in/documents/37343/602265/Insurance+Regulatory+and+Development+Authority+of+India+%28Inspection+and+Fee+for+Supply+of+Copies+of+Returns%29+Regulations%2C+2015.pdf/dc47015a-8f5a-c541-7cb5-e62c9e16872f?version=1.3&t=1665253607230&download=true,https://irdai.gov.in/updated-regulations,"Insurance Regulatory and Development Authority of India (Inspection and Fee for Supply of Copies of Returns) Regulations, 2015.pdf",1.3,1665253607,2026-08-02 09:21:12,343.4,33e6cfb8839761ab10777e88e692399b,false
Circular_-_Clarifications_on_implementation_of_Indian_Accounting_Standards_14.07.2026.pdf,Circular,silver,https://irdai.gov.in/documents/37343/365525/Circular+-+Clarifications+on+implementation+of+Indian+Accounting+Standards+14.07.2026.pdf/d7e15821-ed60-d8a7-1794-6f6f2d4d2c39?version=2.0&t=1784031409277&download=true,https://irdai.gov.in/circulars,Circular - Clarifications on implementation of Indian Accounting Standards 14.07.2026.pdf,2.0,1784031409,2026-08-02 09:21:14,353.3,c9a1cea0b4c6c2e6e5a5cdfd73327ebd,false
Guidelines_on_Establishment_and_Closure_of_Liaison_Office.pdf,Guideline,gold,https://irdai.gov.in/documents/37343/366029/Guidelines+on+Establishment+and+Closure+of+Liaison+Office.pdf/8e26d147-8a03-84dd-f56f-7057316de85a?version=1.0&t=1666358931016&download=true,https://irdai.gov.in/guidelines,Guidelines on Establishment and Closure of Liaison Office.pdf,1.0,1666358931,2026-08-02 09:21:17,5821.2,ed561e15d8df22cc0f8c356591e669fd,false
Guidelines_in_respect_of_Conflict_of_Interest_and_Common_Directorship_among_Intermediary_or_Insurance_intermediary.pdf,Guideline,gold,https://irdai.gov.in/documents/37343/366029/Guidelines+in+respect+of+Conflict+of+Interest+and+Common+Directorship++among+Intermediary+or+Insurance+intermediary.pdf/2ac57f2e-5a61-5bb6-6a96-469d23025bcb?version=1.0&t=1665634621535&download=true,https://irdai.gov.in/guidelines,Guidelines in respect of Conflict of Interest and Common Directorship  among Intermediary or Insurance intermediary.pdf,1.0,1665634621,2026-08-02 09:21:19,1566.6,e33cc28c6f59e22f32d387fbab27d137,false
Guidelines_on_Information_and_Cyber_Security.pdf,Guideline,gold,https://irdai.gov.in/documents/37343/366029/Guidelines+on+Information+and+Cyber+Security.pdf/052a1248-cfce-3f37-ff2d-16e4a2aeed3c?version=1.1&t=1665031369193&download=true,https://irdai.gov.in/guidelines,Guidelines on Information and Cyber Security.pdf,1.1,1665031369,2026-08-02 09:21:21,291.7,cc61d44d5da1e9ff7be17bddde640f17,false
Master_Guidelines_on_Anti-Money_Laundering_2022.pdf,Guideline,gold,https://irdai.gov.in/documents/37343/366029/Master+Guidelines+on+Anti-Money+Laundering+2022.pdf/0e50dd32-00f3-33e1-ebee-0d0989d67932?version=1.1&t=1665032662486&download=true,https://irdai.gov.in/guidelines,Master Guidelines on Anti-Money Laundering 2022.pdf,1.1,1665032662,2026-08-02 09:21:23,567.8,92451d914ed9a4f915b35ae61f51c0cc,false
IRDAI_Surety_Insurance_Contracts_Guidelines_20220103_signed.pdf,Guideline,gold,https://irdai.gov.in/documents/37343/366029/IRDAI+%28Surety+Insurance+Contracts%29+Guidelines+20220103_signed.pdf/3cc74752-2c32-c008-c7a1-303874c2e497?version=1.1&t=1656583536565&download=true,https://irdai.gov.in/guidelines,IRDAI (Surety Insurance Contracts) Guidelines 20220103_signed.pdf,1.1,1656583536,2026-08-02 09:21:25,604.7,3b9c98261982f1c18b8a794e74f381ec,false
IRDAI_Trade_Credit_Insurance_Guidelines_20212021-09-08.pdf,Guideline,gold,https://irdai.gov.in/documents/37343/366029/IRDAI+%28Trade+Credit+Insurance%29+Guidelines%2C+20212021-09-08.pdf/1e5d4088-0d6d-1cca-814b-46e72b7125f0?version=1.1&t=1665032789594&download=true,https://irdai.gov.in/guidelines,"IRDAI (Trade Credit Insurance) Guidelines, 20212021-09-08.pdf",1.1,1665032789,2026-08-02 09:21:27,463.7,b512b6489931b99ffada6c99d78828b6,false
Guidelines_on_settlement_of_Life_Insurance_Claims_to_the_victims_of_Flood_2021-08-06.pdf,Guideline,gold,https://irdai.gov.in/documents/37343/366029/Guidelines+on+settlement+of+Life+Insurance+Claims+to+the+victims+of+Flood+2021-08-06.pdf/e13e506f-79e1-0879-a596-eee5ba0c2504?version=1.1&t=1665033218671&download=true,https://irdai.gov.in/guidelines,Guidelines on settlement of Life Insurance Claims to the victims of Flood 2021-08-06.pdf,1.1,1665033218,2026-08-02 09:21:29,801.5,7e64e45c62c197167788946c81f83bfc,false
GUIDELINES_ON_STANDARD_PROFESSIONAL_INDEMNITY_POLICY_FOR_INSURANCE_BROKERS_.pdf,Guideline,gold,https://irdai.gov.in/documents/37343/366029/GUIDELINES+ON+STANDARD+PROFESSIONAL+INDEMNITY+POLICY+FOR+INSURANCE+BROKERS_.pdf/ce8d0023-607d-eaa1-d513-abb47cee935a?version=1.2&t=1665033451489&download=true,https://irdai.gov.in/guidelines,GUIDELINES ON STANDARD PROFESSIONAL INDEMNITY POLICY FOR INSURANCE BROKERS_.pdf,1.2,1665033451,2026-08-02 09:21:36,10176.3,6ff5b0b2d76964938d4a629a14d05cfd,false
Guidelines_on_Standard_Domestic_Travel_Insurance_Product.pdf,Guideline,gold,https://irdai.gov.in/documents/37343/366029/Guidelines+on+Standard+Domestic+Travel+Insurance+Product.pdf/4a689456-0a1c-e541-81d7-ec79d8913410?version=1.4&t=1665033545846&download=true,https://irdai.gov.in/guidelines,Guidelines on Standard Domestic Travel Insurance Product.pdf,1.4,1665033545,2026-08-02 09:21:38,563.8,51f395f4e587b176e791db173bbabf43,false
Guidelines_for_Practical_Training_for_Surveyors_and_Loss_Assessors.pdf,Guideline,gold,https://irdai.gov.in/documents/37343/366029/Guidelines+for+Practical+Training+for+Surveyors+and+Loss+Assessors.pdf/a6bf771d-06cb-182f-6b70-f49179a9241d?version=1.0&t=1631531743569&download=true,https://irdai.gov.in/guidelines,Guidelines for Practical Training for Surveyors and Loss Assessors.pdf,1.0,1631531743,2026-08-02 09:21:41,1269.2,c3b5c6e14f851a8aa42bc10e9ae5864a,false
THE_INSURANCE_ACT_1938_Incorporating_all_amendments_including_the_amendment.pdf,Act,gold,https://irdai.gov.in/documents/37343/366193/THE+INSURANCE+ACT%2C+1938+%28Incorporating+all+amendments+including+the+amendment.pdf/752842a8-84d6-330f-08f2-de2b3e1f9be4?version=1.1&t=1665118571000&download=true,https://irdai.gov.in/acts,"THE INSURANCE ACT, 1938 (Incorporating all amendments including the amendment.pdf",1.1,1665118571,2026-08-02 09:21:43,1032.7,2c19254a2af7dc6c775f7bd172ae0f06,false
IRDA_Act_as_amended_by_Insurance_Laws_Amendment_Act_2015.pdf,Act,gold,https://irdai.gov.in/documents/37343/366193/IRDA+Act+as+amended+by+Insurance+Laws%28Amendment%29+Act+2015.pdf/12f18de3-80a7-e448-31ea-b991eeff56a0?version=1.1&t=1665118643377&download=true,https://irdai.gov.in/acts,IRDA Act as amended by Insurance Laws(Amendment) Act 2015.pdf,1.1,1665118643,2026-08-02 09:21:45,623.6,4ad57568cb5d750f2b20460018f4b52b,false
The_Insurance_Laws_Amendment_Ordinance_2014.pdf,Act,gold,https://irdai.gov.in/documents/37343/366193/The+Insurance+Laws+%28Amendment%29+Ordinance%2C+2014.pdf/b3a62e03-56c1-43b3-56ab-64c3f4ce7be8?version=1.0&t=1631529572821&download=true,https://irdai.gov.in/acts,"The Insurance Laws (Amendment) Ordinance, 2014.pdf",1.0,1631529572,2026-08-02 09:21:48,3497.9,f093544b73f1e209f7da52277ac51103,false
RTI_Rules_2019.pdf,Rule,gold,https://irdai.gov.in/documents/37343/1098740/RTI_Rules_2019.pdf/aa30693f-fd33-87e9-cb11-9d867fcc5178?version=1.1&t=1665509115300&download=true,https://irdai.gov.in/rules2,RTI_Rules_2019.pdf,1.1,1665509115,2026-08-02 09:21:50,389.1,c2af42d4047d227a652280760ddef38b,false
RTI_Rules_2012.pdf,Rule,gold,https://irdai.gov.in/documents/37343/1098740/RTI+Rules+2012.pdf/fd12b83f-ebda-86f5-9bc3-3af862d1fd31?version=1.1&t=1665509037888&download=true,https://irdai.gov.in/rules2,RTI Rules 2012.pdf,1.1,1665509037,2026-08-02 09:21:52,131.5,0dd9f45b0c72ea291a8f3050c57cebc4,false
IRDAI_Regulatory_Sandbox_Amendment_Regulations_2022.pdf,Regulation,gold,https://irdai.gov.in/documents/37343/366405/IRDAI%28Regulatory+Sandbox%29+%28Amendment%29+Regulations+2022.pdf/1d2fab8e-ff91-f750-1978-551402ff75fc?version=1.0&t=1671081818798&download=true,https://irdai.gov.in/consolidated-gazette-notified-regulations?p_p_id=com_irdai_document_media_IRDAIDocumentMediaPortlet&p_p_lifecycle=0&p_p_state=normal&p_p_mode=view&_com_irdai_document_media_IRDAIDocumentMediaPortlet_delta=20&_com_irdai_document_media_IRDAIDocumentMediaPortlet_resetCur=false&_com_irdai_document_media_IRDAIDocumentMediaPortlet_cur=2,IRDAI(Regulatory Sandbox) (Amendment) Regulations 2022.pdf,1.0,1671081818,2026-08-02 09:21:54,1499.5,d17072681bb84fb38a77915088d12c5d,false
IRDAI_Other_Forms_of_Capital_Regulations.pdf,Regulation,gold,https://irdai.gov.in/documents/37343/366405/IRDAI+%28Other+Forms+of+Capital%29+Regulations.pdf/9b2f1b9e-62f7-b262-908c-5e7d27f7e26a?version=1.0&t=1671082240444&download=true,https://irdai.gov.in/consolidated-gazette-notified-regulations?p_p_id=com_irdai_document_media_IRDAIDocumentMediaPortlet&p_p_lifecycle=0&p_p_state=normal&p_p_mode=view&_com_irdai_document_media_IRDAIDocumentMediaPortlet_delta=20&_com_irdai_document_media_IRDAIDocumentMediaPortlet_resetCur=false&_com_irdai_document_media_IRDAIDocumentMediaPortlet_cur=2,IRDAI (Other Forms of Capital) Regulations.pdf,1.0,1671082240,2026-08-02 09:21:57,1552.4,4c12eb0965988f464b7ebd2cc2a1bf4a,false
IRDAI_ALSM_of_General_Insurance_Business_Regulations_2022.pdf,Regulation,gold,https://irdai.gov.in/documents/37343/366405/IRDAI%28ALSM+of+General+Insurance+Business%29+Regulations+2022.pdf/6381ce77-c53a-643c-85f4-28cd766470a4?version=1.0&t=1671081830287&download=true,https://irdai.gov.in/consolidated-gazette-notified-regulations?p_p_id=com_irdai_document_media_IRDAIDocumentMediaPortlet&p_p_lifecycle=0&p_p_state=normal&p_p_mode=view&_com_irdai_document_media_IRDAIDocumentMediaPortlet_delta=20&_com_irdai_document_media_IRDAIDocumentMediaPortlet_resetCur=false&_com_irdai_document_media_IRDAIDocumentMediaPortlet_cur=2,IRDAI(ALSM of General Insurance Business) Regulations 2022.pdf,1.0,1671081830,2026-08-02 09:21:59,1184.0,ffbaef16d9abfac979a75641ad812dba,false
IRDAI_Appointed_Actuary_Regulations_2022.pdf,Regulation,gold,https://irdai.gov.in/documents/37343/366405/IRDAI%28Appointed+Actuary%29+Regulations+2022.pdf/84f79670-c010-600e-069c-9cd36eccded6?version=1.0&t=1671081826517&download=true,https://irdai.gov.in/consolidated-gazette-notified-regulations?p_p_id=com_irdai_document_media_IRDAIDocumentMediaPortlet&p_p_lifecycle=0&p_p_state=normal&p_p_mode=view&_com_irdai_document_media_IRDAIDocumentMediaPortlet_delta=20&_com_irdai_document_media_IRDAIDocumentMediaPortlet_resetCur=false&_com_irdai_document_media_IRDAIDocumentMediaPortlet_cur=2,IRDAI(Appointed Actuary) Regulations 2022.pdf,1.0,1671081826,2026-08-02 09:22:02,1536.9,58d8731fa351c23577f807876d21e944,false
IRDAI_ARA_for_Life_Business_Regulations_2022.pdf,Regulation,gold,https://irdai.gov.in/documents/37343/366405/IRDAI%28ARA+for+Life+Business%29+Regulations+2022.pdf/2f618000-dfc1-3c2e-dec2-268515ef4033?version=1.0&t=1671081822029&download=true,https://irdai.gov.in/consolidated-gazette-notified-regulations?p_p_id=com_irdai_document_media_IRDAIDocumentMediaPortlet&p_p_lifecycle=0&p_p_state=normal&p_p_mode=view&_com_irdai_document_media_IRDAIDocumentMediaPortlet_delta=20&_com_irdai_document_media_IRDAIDocumentMediaPortlet_resetCur=false&_com_irdai_document_media_IRDAIDocumentMediaPortlet_cur=2,IRDAI(ARA for Life Business) Regulations 2022.pdf,1.0,1671081822,2026-08-02 09:22:04,1479.9,8b0d6719d7b99820ffae2b0d42685fc5,false
IRDAI_Registration_of_Indian_Insurance_Companies_Regulations_2022.pdf,Regulation,gold,https://irdai.gov.in/documents/37343/366405/IRDAI%28+Registration+of+Indian+Insurance+Companies%29Regulations+2022.pdf/d1cc3e51-f04e-54bd-fcfc-67a066f85334?version=1.0&t=1671081833670&download=true,https://irdai.gov.in/consolidated-gazette-notified-regulations?p_p_id=com_irdai_document_media_IRDAIDocumentMediaPortlet&p_p_lifecycle=0&p_p_state=normal&p_p_mode=view&_com_irdai_document_media_IRDAIDocumentMediaPortlet_delta=20&_com_irdai_document_media_IRDAIDocumentMediaPortlet_resetCur=false&_com_irdai_document_media_IRDAIDocumentMediaPortlet_cur=2,IRDAI( Registration of Indian Insurance Companies)Regulations 2022.pdf,1.0,1671081833,2026-08-02 09:22:07,2010.3,72a8b7b77e4bcd2d3d55d33c9b309fbe,false
IRDAI_Preparation_of_Financial_Statements_and_Auditor_s_Report_of_Insuranc.pdf,Regulation,gold,https://irdai.gov.in/documents/37343/366405/IRDAI+%28Preparation+of+Financial+Statements+and+Auditor%E2%80%99s+Report+of+Insuranc.pdf/0b940256-412c-ed05-d807-0ee1a1551026?version=1.2&t=1665122315213&download=true,https://irdai.gov.in/consolidated-gazette-notified-regulations?p_p_id=com_irdai_document_media_IRDAIDocumentMediaPortlet&p_p_lifecycle=0&p_p_state=normal&p_p_mode=view&_com_irdai_document_media_IRDAIDocumentMediaPortlet_delta=20&_com_irdai_document_media_IRDAIDocumentMediaPortlet_resetCur=false&_com_irdai_document_media_IRDAIDocumentMediaPortlet_cur=2,IRDAI (Preparation of Financial Statements and Auditor’s Report of Insuranc.pdf,1.2,1665122315,2026-08-02 09:22:09,1200.3,65731f9fb85fa6cc65daee2478a4ddf4,false
IRDAI_Manner_of_Assessment_of_Compensation_to_Shareholders_or_Members_on_Amalgamation_Regulations_2021.pdf,Regulation,gold,https://irdai.gov.in/documents/37343/366405/IRDAI+%28Manner+of+Assessment+of+Compensation+to+Shareholders+or+Members+on+Amalgamation%29+Regulations%2C+2021.pdf/00e473ff-ff93-896d-a7c9-fb8e0a1e997d?version=1.2&t=1665122311117&download=true,https://irdai.gov.in/consolidated-gazette-notified-regulations?p_p_id=com_irdai_document_media_IRDAIDocumentMediaPortlet&p_p_lifecycle=0&p_p_state=normal&p_p_mode=view&_com_irdai_document_media_IRDAIDocumentMediaPortlet_delta=20&_com_irdai_document_media_IRDAIDocumentMediaPortlet_resetCur=false&_com_irdai_document_media_IRDAIDocumentMediaPortlet_cur=2,"IRDAI (Manner of Assessment of Compensation to Shareholders or Members on Amalgamation) Regulations, 2021.pdf",1.2,1665122311,2026-08-02 09:22:12,1719.4,50c00024f19c26476ccbd52ffa99b9d1,false
IRDAI_Regulatory_Sandbox_Amendment_Regulations_2021.pdf,Regulation,gold,https://irdai.gov.in/documents/37343/366405/IRDAI+%28Regulatory+Sandbox%29+%28Amendment%29+Regulations%2C+2021.pdf/1b8633ac-b884-b073-bf12-b1ae3ed2c7ef?version=1.2&t=1665122303644&download=true,https://irdai.gov.in/consolidated-gazette-notified-regulations?p_p_id=com_irdai_document_media_IRDAIDocumentMediaPortlet&p_p_lifecycle=0&p_p_state=normal&p_p_mode=view&_com_irdai_document_media_IRDAIDocumentMediaPortlet_delta=20&_com_irdai_document_media_IRDAIDocumentMediaPortlet_resetCur=false&_com_irdai_document_media_IRDAIDocumentMediaPortlet_cur=2,"IRDAI (Regulatory Sandbox) (Amendment) Regulations, 2021.pdf",1.2,1665122303,2026-08-02 09:22:14,1706.4,17f914bb7c320a5c6bce337740686c81,false
IRDAI_Insurance_Surveyors_and_Loss_Assessors_Amendment_Regulations_2020.pdf,Regulation,gold,https://irdai.gov.in/documents/37343/366405/IRDAI+%28Insurance+Surveyors+and+Loss+Assessors%29%28Amendment%29%2C+Regulations%2C+2020.pdf/e8018289-a7d8-c50d-8c75-87e33626f9d8?version=1.2&t=1665122299265&download=true,https://irdai.gov.in/consolidated-gazette-notified-regulations?p_p_id=com_irdai_document_media_IRDAIDocumentMediaPortlet&p_p_lifecycle=0&p_p_state=normal&p_p_mode=view&_com_irdai_document_media_IRDAIDocumentMediaPortlet_delta=20&_com_irdai_document_media_IRDAIDocumentMediaPortlet_resetCur=false&_com_irdai_document_media_IRDAIDocumentMediaPortlet_cur=2,"IRDAI (Insurance Surveyors and Loss Assessors)(Amendment), Regulations, 2020.pdf",1.2,1665122299,2026-08-02 09:22:17,1904.2,fa44823880524e026e3b2e089de695c4,false
IRDAI_Insurance_Broker_Regulations_2018.pdf,Regulation,gold,https://irdai.gov.in/documents/37343/366405/IRDAI+%28Insurance+Broker%29+Regulations%2C+2018.pdf/8109366e-5c60-38f4-98aa-555d512a402d?version=1.2&t=1665122370801&download=true,https://irdai.gov.in/consolidated-gazette-notified-regulations?p_p_id=com_irdai_document_media_IRDAIDocumentMediaPortlet&p_p_lifecycle=0&p_p_state=normal&p_p_mode=view&_com_irdai_document_media_IRDAIDocumentMediaPortlet_delta=20&_com_irdai_document_media_IRDAIDocumentMediaPortlet_resetCur=false&_com_irdai_document_media_IRDAIDocumentMediaPortlet_cur=2,"IRDAI (Insurance Broker) Regulations, 2018.pdf",1.2,1665122370,2026-08-02 09:22:20,688.5,c9372905ddc8c2402621e7c4c3b59271,false
Amendment_of_Insurance_Web_Aggregator_Regulations_2017.pdf,Regulation,gold,https://irdai.gov.in/documents/37343/366405/Amendment+of+Insurance+Web+Aggregator+Regulations%2C+2017.pdf/88250a58-e00f-2443-a7e7-90d5b73f64f3?version=1.1&t=1665122365434&download=true,https://irdai.gov.in/consolidated-gazette-notified-regulations?p_p_id=com_irdai_document_media_IRDAIDocumentMediaPortlet&p_p_lifecycle=0&p_p_state=normal&p_p_mode=view&_com_irdai_document_media_IRDAIDocumentMediaPortlet_delta=20&_com_irdai_document_media_IRDAIDocumentMediaPortlet_resetCur=false&_com_irdai_document_media_IRDAIDocumentMediaPortlet_cur=2,"Amendment of Insurance Web Aggregator Regulations, 2017.pdf",1.1,1665122365,2026-08-02 09:22:39,36858.7,b97f271e24176a89c63b3a544e6d477e,false
Obligatory_Cessions_to_Indian_Re-insurers_for_FY_2020-21.pdf,Regulation,gold,https://irdai.gov.in/documents/37343/366405/Obligatory+Cessions+to+Indian+Re-insurers+for+FY+2020-21.pdf/6f261773-b48d-8dd2-fe7b-75521783a409?version=1.1&t=1639977473960&download=true,https://irdai.gov.in/consolidated-gazette-notified-regulations?p_p_id=com_irdai_document_media_IRDAIDocumentMediaPortlet&p_p_lifecycle=0&p_p_state=normal&p_p_mode=view&_com_irdai_document_media_IRDAIDocumentMediaPortlet_delta=20&_com_irdai_document_media_IRDAIDocumentMediaPortlet_resetCur=false&_com_irdai_document_media_IRDAIDocumentMediaPortlet_cur=2,Obligatory Cessions to Indian Re-insurers for FY 2020-21.pdf,1.1,1639977473,2026-08-02 09:22:41,958.8,42aedf083e71120aae27d8318088e0ed,false
IRDAI_Third_Party_Administrators_-_Health_Services_Amendment_Regulations_2019.pdf,Regulation,gold,https://irdai.gov.in/documents/37343/366405/IRDAI+%28Third+Party+Administrators+-+Health+Services%29+%28Amendment%29+Regulations%2C+2019.pdf/b2611a0e-9364-32e5-47f8-adcdf8dd23be?version=1.1&t=1639977626642&download=true,https://irdai.gov.in/consolidated-gazette-notified-regulations?p_p_id=com_irdai_document_media_IRDAIDocumentMediaPortlet&p_p_lifecycle=0&p_p_state=normal&p_p_mode=view&_com_irdai_document_media_IRDAIDocumentMediaPortlet_delta=20&_com_irdai_document_media_IRDAIDocumentMediaPortlet_resetCur=false&_com_irdai_document_media_IRDAIDocumentMediaPortlet_cur=2,"IRDAI (Third Party Administrators - Health Services) (Amendment) Regulations, 2019.pdf",1.1,1639977626,2026-08-02 09:22:43,866.2,a88e832a4eb8816b6cef2309e55f0c4b,false
IRDAI_Health_Insurance_Amendment_Regulations_2019.pdf,Regulation,gold,https://irdai.gov.in/documents/37343/366405/IRDAI+%28Health+Insurance%29+%28Amendment%29+Regulations+2019.pdf/91a8b1fd-723b-1d91-9478-33bcaf233731?version=1.1&t=1639977702342&download=true,https://irdai.gov.in/consolidated-gazette-notified-regulations?p_p_id=com_irdai_document_media_IRDAIDocumentMediaPortlet&p_p_lifecycle=0&p_p_state=normal&p_p_mode=view&_com_irdai_document_media_IRDAIDocumentMediaPortlet_delta=20&_com_irdai_document_media_IRDAIDocumentMediaPortlet_resetCur=false&_com_irdai_document_media_IRDAIDocumentMediaPortlet_cur=2,IRDAI (Health Insurance) (Amendment) Regulations 2019.pdf,1.1,1639977702,2026-08-02 09:22:45,336.9,5cc84c858b276ae21bddde9b66391e39,false
IRDAI_Insurance_Intermediaries_Amendment_Regulations_2019.pdf,Regulation,gold,https://irdai.gov.in/documents/37343/366405/IRDAI+%28Insurance+Intermediaries%29+%28Amendment%29+Regulations%2C+2019.pdf/00bdb6b1-4bda-fdba-d265-22f7ba3efcf8?version=1.2&t=1639977774849&download=true,https://irdai.gov.in/consolidated-gazette-notified-regulations?p_p_id=com_irdai_document_media_IRDAIDocumentMediaPortlet&p_p_lifecycle=0&p_p_state=normal&p_p_mode=view&_com_irdai_document_media_IRDAIDocumentMediaPortlet_delta=20&_com_irdai_document_media_IRDAIDocumentMediaPortlet_resetCur=false&_com_irdai_document_media_IRDAIDocumentMediaPortlet_cur=3,"IRDAI (Insurance Intermediaries) (Amendment) Regulations, 2019.pdf",1.2,1639977774,2026-08-02 09:22:47,366.5,b6b41628b00133f99b8f9c491e51202b,false
IRDAI_Registration_of_Insurance_Marketing_Firm_Amendment_Regulations_2019.pdf,Regulation,gold,https://irdai.gov.in/documents/37343/366405/IRDAI+%28Registration+of+Insurance+Marketing+Firm%29+%28Amendment%29+Regulations%2C+2019.pdf/5970833d-593a-d13b-1695-f25a87551117?version=1.3&t=1665122361373&download=true,https://irdai.gov.in/consolidated-gazette-notified-regulations?p_p_id=com_irdai_document_media_IRDAIDocumentMediaPortlet&p_p_lifecycle=0&p_p_state=normal&p_p_mode=view&_com_irdai_document_media_IRDAIDocumentMediaPortlet_delta=20&_com_irdai_document_media_IRDAIDocumentMediaPortlet_resetCur=false&_com_irdai_document_media_IRDAIDocumentMediaPortlet_cur=3,"IRDAI (Registration of Insurance Marketing Firm) (Amendment) Regulations, 2019.pdf",1.3,1665122361,2026-08-02 09:22:49,552.6,8bdf5527631e5e17684195c121fd9889,false
Insurance_Regulatory_and_Development_Authority_of_India_Appointed_Actuary_Amendment_Regulations_2019.pdf,Regulation,gold,https://irdai.gov.in/documents/37343/366405/Insurance+Regulatory+and+Development+Authority+of+India+%28Appointed+Actuary%29+%28Amendment%29+Regulations%2C+2019.pdf/c47a2ae2-faef-cda8-c652-5f5fb60e2f6c?version=1.1&t=1639977969319&download=true,https://irdai.gov.in/consolidated-gazette-notified-regulations?p_p_id=com_irdai_document_media_IRDAIDocumentMediaPortlet&p_p_lifecycle=0&p_p_state=normal&p_p_mode=view&_com_irdai_document_media_IRDAIDocumentMediaPortlet_delta=20&_com_irdai_document_media_IRDAIDocumentMediaPortlet_resetCur=false&_com_irdai_document_media_IRDAIDocumentMediaPortlet_cur=3,"Insurance Regulatory and Development Authority of India (Appointed Actuary) (Amendment) Regulations, 2019.pdf",1.1,1639977969,2026-08-02 09:22:51,279.2,2217f3b5fd35bafcfc27a532149459fc,false
IRDAI_Insurance_Brokers_First_Amendment_Regulations_2018.pdf,Regulation,gold,https://irdai.gov.in/documents/37343/366405/IRDAI+%28Insurance+Brokers%29+%28First+Amendment%29+Regulations%2C+2018.pdf/5437969b-4f37-a646-5825-79491685f429?version=1.2&t=1639978032598&download=true,https://irdai.gov.in/consolidated-gazette-notified-regulations?p_p_id=com_irdai_document_media_IRDAIDocumentMediaPortlet&p_p_lifecycle=0&p_p_state=normal&p_p_mode=view&_com_irdai_document_media_IRDAIDocumentMediaPortlet_delta=20&_com_irdai_document_media_IRDAIDocumentMediaPortlet_resetCur=false&_com_irdai_document_media_IRDAIDocumentMediaPortlet_cur=3,"IRDAI (Insurance Brokers) (First Amendment) Regulations, 2018.pdf",1.2,1639978032,2026-08-02 09:22:53,641.4,3860ef1b0d3569b61c2115a7740a2fc5,false
IRDAI_Payment_of_commission_or_remuneration_or_rewardto_insurance_agents.pdf,Regulation,gold,https://irdai.gov.in/documents/37343/366405/IRDAI+%28Payment+of+commission+or+remuneration+or+rewardto+insurance+agents.pdf/69ba0ae0-2631-58bd-eaf0-f71c65394aa3?version=1.2&t=1639214575751&download=true,https://irdai.gov.in/consolidated-gazette-notified-regulations?p_p_id=com_irdai_document_media_IRDAIDocumentMediaPortlet&p_p_lifecycle=0&p_p_state=normal&p_p_mode=view&_com_irdai_document_media_IRDAIDocumentMediaPortlet_delta=20&_com_irdai_document_media_IRDAIDocumentMediaPortlet_resetCur=false&_com_irdai_document_media_IRDAIDocumentMediaPortlet_cur=3,IRDAI (Payment of commission or remuneration or rewardto insurance agents.pdf,1.2,1639214575,2026-08-02 09:22:56,1764.6,023a8bd159c4eca35184d788c393a995,false
IRDAI_Protection_of_Policyholders_Interests_Regulations_2017.pdf,Regulation,gold,https://irdai.gov.in/documents/37343/366405/IRDAI+%28Protection+of+Policyholders%E2%80%99+Interests%29+Regulations%2C+2017.pdf/d381555f-cb66-81b4-64d9-33c50b83cd99?version=1.0&t=1631530671495&download=true,https://irdai.gov.in/consolidated-gazette-notified-regulations?p_p_id=com_irdai_document_media_IRDAIDocumentMediaPortlet&p_p_lifecycle=0&p_p_state=normal&p_p_mode=view&_com_irdai_document_media_IRDAIDocumentMediaPortlet_delta=20&_com_irdai_document_media_IRDAIDocumentMediaPortlet_resetCur=false&_com_irdai_document_media_IRDAIDocumentMediaPortlet_cur=3,"IRDAI (Protection of Policyholders’ Interests) Regulations, 2017.pdf",1.0,1631530671,2026-08-02 09:22:58,1816.7,b0bed8a2277e24f930ef707f0798afe8,false
The_Insurance_Ombudsman_Rules_2017.pdf,Regulation,gold,https://irdai.gov.in/documents/37343/366405/The+Insurance+Ombudsman+Rules%2C2017.pdf/fd6d6c11-1fed-8c55-8f0e-ac4b616a7ade?version=1.1&t=1635917388416&download=true,https://irdai.gov.in/consolidated-gazette-notified-regulations?p_p_id=com_irdai_document_media_IRDAIDocumentMediaPortlet&p_p_lifecycle=0&p_p_state=normal&p_p_mode=view&_com_irdai_document_media_IRDAIDocumentMediaPortlet_delta=20&_com_irdai_document_media_IRDAIDocumentMediaPortlet_resetCur=false&_com_irdai_document_media_IRDAIDocumentMediaPortlet_cur=3,"The Insurance Ombudsman Rules,2017.pdf",1.1,1635917388,2026-08-02 09:23:00,343.4,d5253c738f1ca310048e79f7327a09dd,false
IRDAI_Insurance_Surveyors_and_Loss_Assessors_First_Amendment_Regulations.pdf,Regulation,gold,https://irdai.gov.in/documents/37343/366405/IRDAI+%28Insurance+Surveyors+and+Loss+Assessors%29+%28First+Amendment%29Regulations.pdf/d27d7abf-d1a5-0064-89db-3b9d8f44e914?version=1.0&t=1631530651660&download=true,https://irdai.gov.in/consolidated-gazette-notified-regulations?p_p_id=com_irdai_document_media_IRDAIDocumentMediaPortlet&p_p_lifecycle=0&p_p_state=normal&p_p_mode=view&_com_irdai_document_media_IRDAIDocumentMediaPortlet_delta=20&_com_irdai_document_media_IRDAIDocumentMediaPortlet_resetCur=false&_com_irdai_document_media_IRDAIDocumentMediaPortlet_cur=3,IRDAI (Insurance Surveyors and Loss Assessors) (First Amendment)Regulations.pdf,1.0,1631530651,2026-08-02 09:23:02,1507.7,1931417d86ee8c3929cb0097049f8b2c,false
IRDAI_Payment_of_commission_or_remuneration_or_reward_to_insurance_agents.pdf,Regulation,gold,https://irdai.gov.in/documents/37343/366405/IRDAI+%28Payment+of+commission+or+remuneration+or+reward+to+insurance+agents.pdf/09bf34eb-c9e2-7939-6748-94630f0f0c99?version=1.2&t=1639214615847&download=true,https://irdai.gov.in/consolidated-gazette-notified-regulations?p_p_id=com_irdai_document_media_IRDAIDocumentMediaPortlet&p_p_lifecycle=0&p_p_state=normal&p_p_mode=view&_com_irdai_document_media_IRDAIDocumentMediaPortlet_delta=20&_com_irdai_document_media_IRDAIDocumentMediaPortlet_resetCur=false&_com_irdai_document_media_IRDAIDocumentMediaPortlet_cur=3,IRDAI (Payment of commission or remuneration or reward to insurance agents.pdf,1.2,1639214615,2026-08-02 09:23:05,1155.6,7606cd7cfc41dc89a4625004d40dc707,false
IRDAI_Registration_of_Insurance_Marketing_Firm_First_Amendment_Reg.pdf,Regulation,gold,https://irdai.gov.in/documents/37343/366405/IRDAI+%28Registration+of+Insurance+Marketing+Firm%29+%28First+Amendment%29+Reg.pdf/993b323a-ce90-d2aa-f5af-ac81863d4dcd?version=1.2&t=1638434179255&download=true,https://irdai.gov.in/consolidated-gazette-notified-regulations?p_p_id=com_irdai_document_media_IRDAIDocumentMediaPortlet&p_p_lifecycle=0&p_p_state=normal&p_p_mode=view&_com_irdai_document_media_IRDAIDocumentMediaPortlet_delta=20&_com_irdai_document_media_IRDAIDocumentMediaPortlet_resetCur=false&_com_irdai_document_media_IRDAIDocumentMediaPortlet_cur=4,IRDAI (Registration of Insurance Marketing Firm) (First Amendment) Reg.pdf,1.2,1638434179,2026-08-02 09:23:07,1110.8,d37ed384a218329b4beb8ea34cd96a72,false
Insurance_Regulatory_and_Development_Authority_of_India_Issuance_of_e-insurance_policies_First_Amendment_.pdf,Regulation,gold,https://irdai.gov.in/documents/37343/366405/Insurance+Regulatory+and+Development+Authority+of+India+%28Issuance+of+e-insurance+policies%29+%28First+Amendment%29.pdf/afb38664-d517-e7d5-e082-4f8b1b4e254d?version=1.1&t=1639978309609&download=true,https://irdai.gov.in/consolidated-gazette-notified-regulations?p_p_id=com_irdai_document_media_IRDAIDocumentMediaPortlet&p_p_lifecycle=0&p_p_state=normal&p_p_mode=view&_com_irdai_document_media_IRDAIDocumentMediaPortlet_delta=20&_com_irdai_document_media_IRDAIDocumentMediaPortlet_resetCur=false&_com_irdai_document_media_IRDAIDocumentMediaPortlet_cur=4,Insurance Regulatory and Development Authority of India (Issuance of e-insurance policies) (First Amendment).pdf,1.1,1639978309,2026-08-02 09:23:12,1042.5,af77f8b2077ca390a3bbf35e095c7c0f,false
Insurance_Regulatory_and_Development_Authority_of_India_Registration_and_O.pdf,Regulation,gold,https://irdai.gov.in/documents/37343/366405/Insurance+Regulatory+and+Development+Authority+of+India+%28Registration+and+O.pdf/6d39f6b4-3c58-9707-a7c2-6343eb3de6ed?version=1.0&t=1631530535406&download=true,https://irdai.gov.in/consolidated-gazette-notified-regulations?p_p_id=com_irdai_document_media_IRDAIDocumentMediaPortlet&p_p_lifecycle=0&p_p_state=normal&p_p_mode=view&_com_irdai_document_media_IRDAIDocumentMediaPortlet_delta=20&_com_irdai_document_media_IRDAIDocumentMediaPortlet_resetCur=false&_com_irdai_document_media_IRDAIDocumentMediaPortlet_cur=4,Insurance Regulatory and Development Authority of India (Registration and O.pdf,1.0,1631530535,2026-08-02 09:23:14,1019.2,54d615b1b2a08ffaa235730656467b5d,false
IRDAI_Registration_of_Indian_Insurance_Companies_Eighth_Amendment_Reg.pdf,Regulation,gold,https://irdai.gov.in/documents/37343/366405/IRDAI+%28Registration+of+Indian+Insurance+Companies%29+%28Eighth+Amendment%29+Reg.pdf/89b2e435-a89b-dfa4-fde3-d21aaf2724d5?version=1.0&t=1631529973452&download=true,https://irdai.gov.in/consolidated-gazette-notified-regulations?p_p_id=com_irdai_document_media_IRDAIDocumentMediaPortlet&p_p_lifecycle=0&p_p_state=normal&p_p_mode=view&_com_irdai_document_media_IRDAIDocumentMediaPortlet_delta=20&_com_irdai_document_media_IRDAIDocumentMediaPortlet_resetCur=false&_com_irdai_document_media_IRDAIDocumentMediaPortlet_cur=4,IRDAI (Registration of Indian Insurance Companies) (Eighth Amendment) Reg.pdf,1.0,1631529973,2026-08-02 09:23:16,60.4,17f24a40a7dcbfe2483cc5bd62ac168e,false
IRDAI_Obligatory_Cessions_to_Indian_Re-insurers_Notification_2016.pdf,Regulation,gold,https://irdai.gov.in/documents/37343/366405/IRDAI+%28Obligatory+Cessions+to+Indian+Re-insurers%29+Notification%2C+2016.pdf/4329dcdc-c803-b344-4c79-2f6edeebf146?version=1.1&t=1639977496703&download=true,https://irdai.gov.in/consolidated-gazette-notified-regulations?p_p_id=com_irdai_document_media_IRDAIDocumentMediaPortlet&p_p_lifecycle=0&p_p_state=normal&p_p_mode=view&_com_irdai_document_media_IRDAIDocumentMediaPortlet_delta=20&_com_irdai_document_media_IRDAIDocumentMediaPortlet_resetCur=false&_com_irdai_document_media_IRDAIDocumentMediaPortlet_cur=4,"IRDAI (Obligatory Cessions to Indian Re-insurers) Notification, 2016.pdf",1.1,1639977496,2026-08-02 09:23:17,89.5,0e77466cd0b01b9668f60924492c0d4e,false
IRDAI_General_Insurance_-_Reinsurance_Regulations_2016.pdf,Regulation,gold,https://irdai.gov.in/documents/37343/366405/IRDAI+%28General+Insurance+-+Reinsurance%29+Regulations%2C+2016.pdf/ea2c7f83-2a05-c801-7cc1-f093474e24be?version=1.0&t=1631529936112&download=true,https://irdai.gov.in/consolidated-gazette-notified-regulations?p_p_id=com_irdai_document_media_IRDAIDocumentMediaPortlet&p_p_lifecycle=0&p_p_state=normal&p_p_mode=view&_com_irdai_document_media_IRDAIDocumentMediaPortlet_delta=20&_com_irdai_document_media_IRDAIDocumentMediaPortlet_resetCur=false&_com_irdai_document_media_IRDAIDocumentMediaPortlet_cur=4,"IRDAI (General Insurance - Reinsurance) Regulations, 2016.pdf",1.0,1631529936,2026-08-02 09:23:19,951.6,d8ad9e1323a417521d33798ee6be8ebb,false
IRDAI_QUALIFICATION_OF_ACTUARY_REPEAL_REGULATIONS_2016.pdf,Regulation,gold,https://irdai.gov.in/documents/37343/366405/IRDAI+%28QUALIFICATION+OF+ACTUARY%29+%28REPEAL%29+REGULATIONS%2C+2016.pdf/a3333fb0-99ad-70e2-afe0-f9e0e7a414ef?version=1.0&t=1631529922042&download=true,https://irdai.gov.in/consolidated-gazette-notified-regulations?p_p_id=com_irdai_document_media_IRDAIDocumentMediaPortlet&p_p_lifecycle=0&p_p_state=normal&p_p_mode=view&_com_irdai_document_media_IRDAIDocumentMediaPortlet_delta=20&_com_irdai_document_media_IRDAIDocumentMediaPortlet_resetCur=false&_com_irdai_document_media_IRDAIDocumentMediaPortlet_cur=4,"IRDAI (QUALIFICATION OF ACTUARY) (REPEAL) REGULATIONS, 2016.pdf",1.0,1631529922,2026-08-02 09:23:21,66.8,e1bf47869045ac07f59b1d9d11c5873d,true
IRDAI_Registration_of_Indian_Insurance_Companies_Seventh_Amendment_.pdf,Regulation,gold,https://irdai.gov.in/documents/37343/366405/IRDAI+%28Registration+of+Indian+Insurance+Companies%29+%28Seventh+Amendment%29.pdf/9c904f48-4a37-a9a1-9e86-9f99b13a2732?version=1.0&t=1631529890497&download=true,https://irdai.gov.in/consolidated-gazette-notified-regulations?p_p_id=com_irdai_document_media_IRDAIDocumentMediaPortlet&p_p_lifecycle=0&p_p_state=normal&p_p_mode=view&_com_irdai_document_media_IRDAIDocumentMediaPortlet_delta=20&_com_irdai_document_media_IRDAIDocumentMediaPortlet_resetCur=false&_com_irdai_document_media_IRDAIDocumentMediaPortlet_cur=5,IRDAI (Registration of Indian Insurance Companies) (Seventh Amendment).pdf,1.0,1631529890,2026-08-02 09:23:24,6088.7,fad6e17cfee03a0c24e5f140c8ab6a0d,false
IRDAI_Registration_and_Operations_of_Branch_Offices_of_Foreign_Reinsurers_Feb_2016.pdf,Regulation,gold,https://irdai.gov.in/documents/37343/366405/IRDAI+%28Registration+and+Operations+of+Branch+Offices+of+Foreign+Reinsurers%2C+Feb+2016.pdf/977ada23-bc4b-85dc-e4dc-03169924524d?version=1.0&t=1637811101842&download=true,https://irdai.gov.in/consolidated-gazette-notified-regulations?p_p_id=com_irdai_document_media_IRDAIDocumentMediaPortlet&p_p_lifecycle=0&p_p_state=normal&p_p_mode=view&_com_irdai_document_media_IRDAIDocumentMediaPortlet_delta=20&_com_irdai_document_media_IRDAIDocumentMediaPortlet_resetCur=false&_com_irdai_document_media_IRDAIDocumentMediaPortlet_cur=5,"IRDAI (Registration and Operations of Branch Offices of Foreign Reinsurers, Feb 2016.pdf",1.0,1637811101,2026-08-02 09:23:25,77.2,3cc16b6b8ebeaba3655b51886b42847b,false
Corrigendum_to_notification_no_IRDA_Reg_2_92_2015_dated_17th_March_2015.pdf,Regulation,gold,https://irdai.gov.in/documents/37343/366405/Corrigendum+to+notification+no+IRDA_Reg_2_92_2015+dated+17th+March%2C+2015.pdf/2d48dfd9-e9b8-0993-6987-d146c013eee1?version=1.0&t=1631529789173&download=true,https://irdai.gov.in/consolidated-gazette-notified-regulations?p_p_id=com_irdai_document_media_IRDAIDocumentMediaPortlet&p_p_lifecycle=0&p_p_state=normal&p_p_mode=view&_com_irdai_document_media_IRDAIDocumentMediaPortlet_delta=20&_com_irdai_document_media_IRDAIDocumentMediaPortlet_resetCur=false&_com_irdai_document_media_IRDAIDocumentMediaPortlet_cur=5,"Corrigendum to notification no IRDA_Reg_2_92_2015 dated 17th March, 2015.pdf",1.0,1631529789,2026-08-02 09:23:27,159.1,007cca48f9ccf5c01c849a397f5916be,false
IRDAI_Insurance_Advertisements_and_Disclosure_Amendment_Regulations_20.pdf,Regulation,gold,https://irdai.gov.in/documents/37343/366405/IRDAI+%28Insurance+Advertisements+and+Disclosure%29+%28Amendment%29+Regulations%2C+20.pdf/750a0156-e9a0-fd77-2bd7-6b40241d5e90?version=1.0&t=1631529773780&download=true,https://irdai.gov.in/consolidated-gazette-notified-regulations?p_p_id=com_irdai_document_media_IRDAIDocumentMediaPortlet&p_p_lifecycle=0&p_p_state=normal&p_p_mode=view&_com_irdai_document_media_IRDAIDocumentMediaPortlet_delta=20&_com_irdai_document_media_IRDAIDocumentMediaPortlet_resetCur=false&_com_irdai_document_media_IRDAIDocumentMediaPortlet_cur=5,"IRDAI (Insurance Advertisements and Disclosure) (Amendment) Regulations, 20.pdf",1.0,1631529773,2026-08-02 09:23:29,249.5,6161ec7b76bb44605edac7e5f3cf317a,false
IRDAI_Insurance_Surveyors_and_Loss_Assessors_Regulations_2015.pdf,Regulation,gold,https://irdai.gov.in/documents/37343/366405/IRDAI+%28Insurance+Surveyors+and+Loss+Assessors%29+Regulations%2C+2015.pdf/1aaac2df-bee4-8321-2ac0-1f992110c7a1?version=1.0&t=1631529760349&download=true,https://irdai.gov.in/consolidated-gazette-notified-regulations?p_p_id=com_irdai_document_media_IRDAIDocumentMediaPortlet&p_p_lifecycle=0&p_p_state=normal&p_p_mode=view&_com_irdai_document_media_IRDAIDocumentMediaPortlet_delta=20&_com_irdai_document_media_IRDAIDocumentMediaPortlet_resetCur=false&_com_irdai_document_media_IRDAIDocumentMediaPortlet_cur=5,"IRDAI (Insurance Surveyors and Loss Assessors) Regulations, 2015.pdf",1.0,1631529760,2026-08-02 09:23:35,8259.9,4724e2f8c3e6e0489db056fc58dfbd61,false
IRDAI_Insurance_Services_by_Common_Service_Centres_Regulations_2015.pdf,Regulation,gold,https://irdai.gov.in/documents/37343/366405/IRDAI+%28Insurance+Services+by+Common+Service+Centres%29+Regulations%2C+2015.pdf/86be2b43-bb24-dad2-414d-7ddf3363d488?version=1.0&t=1631529745847&download=true,https://irdai.gov.in/consolidated-gazette-notified-regulations?p_p_id=com_irdai_document_media_IRDAIDocumentMediaPortlet&p_p_lifecycle=0&p_p_state=normal&p_p_mode=view&_com_irdai_document_media_IRDAIDocumentMediaPortlet_delta=20&_com_irdai_document_media_IRDAIDocumentMediaPortlet_resetCur=false&_com_irdai_document_media_IRDAIDocumentMediaPortlet_cur=5,"IRDAI (Insurance Services by Common Service Centres) Regulations, 2015.pdf",1.0,1631529745,2026-08-02 09:23:39,4586.8,6812520dbc49a95d0f59a949499e0500,false
Reinsurance_Cessions.pdf,Regulation,gold,https://irdai.gov.in/documents/37343/366405/Reinsurance+Cessions.pdf/7a1ad093-ab55-fe83-7553-0f9209b7c1cc?version=1.0&t=1631529731427&download=true,https://irdai.gov.in/consolidated-gazette-notified-regulations?p_p_id=com_irdai_document_media_IRDAIDocumentMediaPortlet&p_p_lifecycle=0&p_p_state=normal&p_p_mode=view&_com_irdai_document_media_IRDAIDocumentMediaPortlet_delta=20&_com_irdai_document_media_IRDAIDocumentMediaPortlet_resetCur=false&_com_irdai_document_media_IRDAIDocumentMediaPortlet_cur=5,Reinsurance Cessions.pdf,1.0,1631529731,2026-08-02 09:23:40,249.6,7115b0d33ca9715b2843616c7ca7a27c,false
IRDAI_Regulation_of_Insurance_Business_in_Special_Economic_Zone_Rules.pdf,Regulation,gold,https://irdai.gov.in/documents/37343/366405/IRDAI+%28Regulation+of+Insurance+Business+in+Special+Economic+Zone%29+Rules.pdf/3c29ab69-3670-6de2-77c6-80857a37686c?version=1.1&t=1638434536997&download=true,https://irdai.gov.in/consolidated-gazette-notified-regulations?p_p_id=com_irdai_document_media_IRDAIDocumentMediaPortlet&p_p_lifecycle=0&p_p_state=normal&p_p_mode=view&_com_irdai_document_media_IRDAIDocumentMediaPortlet_delta=20&_com_irdai_document_media_IRDAIDocumentMediaPortlet_resetCur=false&_com_irdai_document_media_IRDAIDocumentMediaPortlet_cur=6,IRDAI (Regulation of Insurance Business in Special Economic Zone) Rules.pdf,1.1,1638434536,2026-08-02 09:23:42,138.3,b666a7857902aa851e4416e78936397e,false
IRDAI_Obligation_of_Insurer_in_respect_of_Motor_Third_Party_Insurance.pdf,Regulation,gold,https://irdai.gov.in/documents/37343/366405/IRDAI+%28Obligation+of+Insurer+in+respect+of+Motor+Third+Party+Insurance.pdf/1b0f3ad2-6b85-64c3-3249-e7ed614b60da?version=1.0&t=1631529687313&download=true,https://irdai.gov.in/consolidated-gazette-notified-regulations?p_p_id=com_irdai_document_media_IRDAIDocumentMediaPortlet&p_p_lifecycle=0&p_p_state=normal&p_p_mode=view&_com_irdai_document_media_IRDAIDocumentMediaPortlet_delta=20&_com_irdai_document_media_IRDAIDocumentMediaPortlet_resetCur=false&_com_irdai_document_media_IRDAIDocumentMediaPortlet_cur=6,IRDAI (Obligation of Insurer in respect of Motor Third Party Insurance.pdf,1.0,1631529687,2026-08-02 09:23:44,450.2,07f17d774fc9d90686afae79de6c4054,false
IRDAI_TRANSFER_OF_EQUITY_SHARES_OF_INSURANCE_COMPANIES_REGULATIONS_2015.pdf,Regulation,gold,https://irdai.gov.in/documents/37343/366405/IRDAI%28TRANSFER+OF+EQUITY+SHARES+OF+INSURANCE+COMPANIES%29+REGULATIONS%2C+2015.pdf/4135c9f6-5592-864a-1aaf-062271981fa4?version=1.1&t=1638435031640&download=true,https://irdai.gov.in/consolidated-gazette-notified-regulations?p_p_id=com_irdai_document_media_IRDAIDocumentMediaPortlet&p_p_lifecycle=0&p_p_state=normal&p_p_mode=view&_com_irdai_document_media_IRDAIDocumentMediaPortlet_delta=20&_com_irdai_document_media_IRDAIDocumentMediaPortlet_resetCur=false&_com_irdai_document_media_IRDAIDocumentMediaPortlet_cur=6,"IRDAI(TRANSFER OF EQUITY SHARES OF INSURANCE COMPANIES) REGULATIONS, 2015.pdf",1.1,1638435031,2026-08-02 09:23:48,7047.1,5bb1efc3436c7e7a9662bd301013ece6,false
IRDAI_REGISTRATION_OF_INSURANCE_MARKETING_FIRM_REGULATIONS_2015_21Jan2015.pdf,Regulation,gold,https://irdai.gov.in/documents/37343/366405/IRDAI+%28REGISTRATION+OF+INSURANCE+MARKETING+FIRM%29+REGULATIONS%2C+2015%2C21Jan2015.pdf/eb266223-7c95-31d2-5d0c-448c2d8a6f84?version=1.2&t=1665133342519&download=true,https://irdai.gov.in/consolidated-gazette-notified-regulations?p_p_id=com_irdai_document_media_IRDAIDocumentMediaPortlet&p_p_lifecycle=0&p_p_state=normal&p_p_mode=view&_com_irdai_document_media_IRDAIDocumentMediaPortlet_delta=20&_com_irdai_document_media_IRDAIDocumentMediaPortlet_resetCur=false&_com_irdai_document_media_IRDAIDocumentMediaPortlet_cur=6,"IRDAI (REGISTRATION OF INSURANCE MARKETING FIRM) REGULATIONS, 2015,21Jan2015.pdf",1.2,1665133342,2026-08-02 09:24:04,8157.8,1ab4953f1498a1d2f37884f66473f2ec,false
IRDA_HEALTH_INSURANCE_First_Amendment_Regulations_2014.pdf,Regulation,gold,https://irdai.gov.in/documents/37343/366405/IRDA+%28HEALTH+INSURANCE%29+%28First+Amendment%29+Regulations%2C+2014.pdf/5ef48d63-f6b8-3005-5778-ad4ad7fa76ac?version=1.0&t=1631529523423&download=true,https://irdai.gov.in/consolidated-gazette-notified-regulations?p_p_id=com_irdai_document_media_IRDAIDocumentMediaPortlet&p_p_lifecycle=0&p_p_state=normal&p_p_mode=view&_com_irdai_document_media_IRDAIDocumentMediaPortlet_delta=20&_com_irdai_document_media_IRDAIDocumentMediaPortlet_resetCur=false&_com_irdai_document_media_IRDAIDocumentMediaPortlet_cur=6,"IRDA (HEALTH INSURANCE) (First Amendment) Regulations, 2014.pdf",1.0,1631529523,2026-08-02 09:24:06,566.0,8025771434ff1d72f2794bcbcb9def96,false
IRDA_Registration_of_Indian_Insurance_Companies_Sixth_Amendment_Regulat.pdf,Regulation,gold,https://irdai.gov.in/documents/37343/366405/IRDA+%28Registration+of+Indian+Insurance+Companies%29+%28Sixth+Amendment%29+Regulat.pdf/1d8318b3-8207-6d9b-2ae7-24eb7ad0e2f8?version=1.0&t=1631529452083&download=true,https://irdai.gov.in/consolidated-gazette-notified-regulations?p_p_id=com_irdai_document_media_IRDAIDocumentMediaPortlet&p_p_lifecycle=0&p_p_state=normal&p_p_mode=view&_com_irdai_document_media_IRDAIDocumentMediaPortlet_delta=20&_com_irdai_document_media_IRDAIDocumentMediaPortlet_resetCur=false&_com_irdai_document_media_IRDAIDocumentMediaPortlet_cur=6,IRDA (Registration of Indian Insurance Companies) (Sixth Amendment) Regulat.pdf,1.0,1631529452,2026-08-02 09:24:08,67.4,dd60213286900dfbf4609ae2ccb06354,false
IRDA_Conditions_of_Service_of_Officers_and_Other_Employees_Third_Amendment.pdf,Regulation,gold,https://irdai.gov.in/documents/37343/366405/IRDA%28Conditions+of+Service+of+Officers+and+Other+Employees%29Third+Amendment.pdf/db7ef7f7-c9f7-744a-f2b5-ed35bc7a9516?version=1.1&t=1665133349421&download=true,https://irdai.gov.in/consolidated-gazette-notified-regulations?p_p_id=com_irdai_document_media_IRDAIDocumentMediaPortlet&p_p_lifecycle=0&p_p_state=normal&p_p_mode=view&_com_irdai_document_media_IRDAIDocumentMediaPortlet_delta=20&_com_irdai_document_media_IRDAIDocumentMediaPortlet_resetCur=false&_com_irdai_document_media_IRDAIDocumentMediaPortlet_cur=6,IRDA(Conditions of Service of Officers and Other Employees)Third Amendment.pdf,1.1,1665133349,2026-08-02 09:24:10,251.4,0952eed0eeb9b2f30b290a344a084385,false
IRDA_Licensing_of_Insurance_Agents_Amendment_Regulations_2013.pdf,Regulation,gold,https://irdai.gov.in/documents/37343/366405/IRDA+%28Licensing+of+Insurance+Agents%29+%28Amendment%29+Regulations%2C+2013.pdf/61b2facc-6643-de5d-958b-6ddcbca7df90?version=1.0&t=1631529392192&download=true,https://irdai.gov.in/consolidated-gazette-notified-regulations?p_p_id=com_irdai_document_media_IRDAIDocumentMediaPortlet&p_p_lifecycle=0&p_p_state=normal&p_p_mode=view&_com_irdai_document_media_IRDAIDocumentMediaPortlet_delta=20&_com_irdai_document_media_IRDAIDocumentMediaPortlet_resetCur=false&_com_irdai_document_media_IRDAIDocumentMediaPortlet_cur=6,"IRDA (Licensing of Insurance Agents) (Amendment) Regulations, 2013.pdf",1.0,1631529392,2026-08-02 09:24:11,65.4,f4a95f55e01bb9bada877fa71363faf9,false
IRDA_Registration_of_Indian_Insurance_Companies_Fifth_Amendment_Regulat.pdf,Regulation,gold,https://irdai.gov.in/documents/37343/366405/IRDA+%28Registration+of+Indian+Insurance+Companies%29+%28Fifth+Amendment%29+Regulat.pdf/d002870c-3842-5162-247b-b3e612458b30?version=1.0&t=1631529392661&download=true,https://irdai.gov.in/consolidated-gazette-notified-regulations?p_p_id=com_irdai_document_media_IRDAIDocumentMediaPortlet&p_p_lifecycle=0&p_p_state=normal&p_p_mode=view&_com_irdai_document_media_IRDAIDocumentMediaPortlet_delta=20&_com_irdai_document_media_IRDAIDocumentMediaPortlet_resetCur=false&_com_irdai_document_media_IRDAIDocumentMediaPortlet_cur=6,IRDA (Registration of Indian Insurance Companies) (Fifth Amendment) Regulat.pdf,1.0,1631529392,2026-08-02 09:24:12,61.8,73a53202feb9fa979e81102c6d9311fa,false
IRDA_Licensing_Professional_Requirements_and_Code_of_Conduct_Second_Ame.pdf,Regulation,gold,https://irdai.gov.in/documents/37343/366405/IRDA+%28Licensing%2C+Professional+Requirements+and+Code+of+Conduct%29+%28Second+Ame.pdf/76bd4103-465b-20ed-3a0f-b92d8ccb0fb7?version=1.0&t=1631529392911&download=true,https://irdai.gov.in/consolidated-gazette-notified-regulations?p_p_id=com_irdai_document_media_IRDAIDocumentMediaPortlet&p_p_lifecycle=0&p_p_state=normal&p_p_mode=view&_com_irdai_document_media_IRDAIDocumentMediaPortlet_delta=20&_com_irdai_document_media_IRDAIDocumentMediaPortlet_resetCur=false&_com_irdai_document_media_IRDAIDocumentMediaPortlet_cur=6,"IRDA (Licensing, Professional Requirements and Code of Conduct) (Second Ame.pdf",1.0,1631529392,2026-08-02 09:24:14,159.5,66f92a18e54f4bde97341c73fca4a229,false
IRDA_Third_Party_Administrators-Health_Services_Second_Amendment_Regula.pdf,Regulation,gold,https://irdai.gov.in/documents/37343/366405/IRDA+%28Third+Party+Administrators-Health+Services%29+%28Second+Amendment%29+Regula.pdf/d10d9ad3-e377-3c75-8928-a91ea40319ac?version=1.0&t=1631529393161&download=true,https://irdai.gov.in/consolidated-gazette-notified-regulations?p_p_id=com_irdai_document_media_IRDAIDocumentMediaPortlet&p_p_lifecycle=0&p_p_state=normal&p_p_mode=view&_com_irdai_document_media_IRDAIDocumentMediaPortlet_delta=20&_com_irdai_document_media_IRDAIDocumentMediaPortlet_resetCur=false&_com_irdai_document_media_IRDAIDocumentMediaPortlet_cur=6,IRDA (Third Party Administrators-Health Services) (Second Amendment) Regula.pdf,1.0,1631529393,2026-08-02 09:24:15,63.4,925acda7bc324702d1424071c17f5647,false
IRDA_Insurance_Brokers_Regulations_2013.pdf,Regulation,gold,https://irdai.gov.in/documents/37343/366405/IRDA%28+Insurance+Brokers%29+Regulations%2C+2013.pdf/9b5f37ad-3349-2037-f822-8ca76ef23071?version=1.0&t=1631529370687&download=true,https://irdai.gov.in/consolidated-gazette-notified-regulations?p_p_id=com_irdai_document_media_IRDAIDocumentMediaPortlet&p_p_lifecycle=0&p_p_state=normal&p_p_mode=view&_com_irdai_document_media_IRDAIDocumentMediaPortlet_delta=20&_com_irdai_document_media_IRDAIDocumentMediaPortlet_resetCur=false&_com_irdai_document_media_IRDAIDocumentMediaPortlet_cur=6,"IRDA( Insurance Brokers) Regulations, 2013.pdf",1.0,1631529370,2026-08-02 09:24:18,989.9,96a2c2fac97f8c29e2b6387545249bfa,false
IRDA_Web_Aggregators_Regulations_2013.pdf,Regulation,gold,https://irdai.gov.in/documents/37343/366405/IRDA%28Web+Aggregators%29+Regulations%2C+2013.pdf/4dd8c6ce-650b-e7d9-c494-4027dd4bdacd?version=1.0&t=1633586890225&download=true,https://irdai.gov.in/consolidated-gazette-notified-regulations?p_p_id=com_irdai_document_media_IRDAIDocumentMediaPortlet&p_p_lifecycle=0&p_p_state=normal&p_p_mode=view&_com_irdai_document_media_IRDAIDocumentMediaPortlet_delta=20&_com_irdai_document_media_IRDAIDocumentMediaPortlet_resetCur=false&_com_irdai_document_media_IRDAIDocumentMediaPortlet_cur=6,"IRDA(Web Aggregators) Regulations, 2013.pdf",1.0,1633586890,2026-08-02 09:24:20,736.0,bb4d9241a518c2e2eaa3514dc0df3ff3,false
IRDA_Meetings_First_Amendment_Regulations_2013.pdf,Regulation,gold,https://irdai.gov.in/documents/37343/366405/IRDA%28Meetings%29+%28First+Amendment%29+Regulations%2C+2013.pdf/fd3433b0-64ca-1760-a71b-c8de109e1bc1?version=1.1&t=1665133353161&download=true,https://irdai.gov.in/consolidated-gazette-notified-regulations?p_p_id=com_irdai_document_media_IRDAIDocumentMediaPortlet&p_p_lifecycle=0&p_p_state=normal&p_p_mode=view&_com_irdai_document_media_IRDAIDocumentMediaPortlet_delta=20&_com_irdai_document_media_IRDAIDocumentMediaPortlet_resetCur=false&_com_irdai_document_media_IRDAIDocumentMediaPortlet_cur=6,"IRDA(Meetings) (First Amendment) Regulations, 2013.pdf",1.1,1665133353,2026-08-02 09:24:21,61.6,fc9ffa40dfe7f73b677d91bac3d159a4,false
IAC_Meetings_Second_Amendment_Regulations_2013.pdf,Regulation,gold,https://irdai.gov.in/documents/37343/366405/IAC+%28Meetings%29+%28Second+Amendment%29+Regulations%2C+2013.pdf/40dfce85-6177-bd2c-9117-f9f767aa1784?version=1.3&t=1665133356600&download=true,https://irdai.gov.in/consolidated-gazette-notified-regulations?p_p_id=com_irdai_document_media_IRDAIDocumentMediaPortlet&p_p_lifecycle=0&p_p_state=normal&p_p_mode=view&_com_irdai_document_media_IRDAIDocumentMediaPortlet_delta=20&_com_irdai_document_media_IRDAIDocumentMediaPortlet_resetCur=false&_com_irdai_document_media_IRDAIDocumentMediaPortlet_cur=7,"IAC (Meetings) (Second Amendment) Regulations, 2013.pdf",1.3,1665133356,2026-08-02 09:24:23,61.9,9216bdfb50b21ebca27707a1099af969,false
IRDA_Licencing_of_Banks_as_Insurance_Brokers_Regulations_2013.pdf,Regulation,gold,https://irdai.gov.in/documents/37343/366405/IRDA+%28Licencing+of+Banks+as+Insurance+Brokers%29+Regulations%2C+2013.pdf/e7e70d4b-afa4-5c39-7dbe-432044dfcd2c?version=1.0&t=1631529213458&download=true,https://irdai.gov.in/consolidated-gazette-notified-regulations?p_p_id=com_irdai_document_media_IRDAIDocumentMediaPortlet&p_p_lifecycle=0&p_p_state=normal&p_p_mode=view&_com_irdai_document_media_IRDAIDocumentMediaPortlet_delta=20&_com_irdai_document_media_IRDAIDocumentMediaPortlet_resetCur=false&_com_irdai_document_media_IRDAIDocumentMediaPortlet_cur=7,"IRDA (Licencing of Banks as Insurance Brokers) Regulations, 2013.pdf",1.0,1631529213,2026-08-02 09:24:26,3734.0,84fce2713159b911aa92d739fccf8ace,false
IRDA_Insurance_Advisory_Committee_-_Reconstitution_2013.pdf,Regulation,gold,https://irdai.gov.in/documents/37343/366405/IRDA%28+Insurance+Advisory+Committee+-+Reconstitution+%29+%2C+2013.pdf/327c4853-166e-5c8b-6299-4d99084b54ba?version=1.1&t=1665133360068&download=true,https://irdai.gov.in/consolidated-gazette-notified-regulations?p_p_id=com_irdai_document_media_IRDAIDocumentMediaPortlet&p_p_lifecycle=0&p_p_state=normal&p_p_mode=view&_com_irdai_document_media_IRDAIDocumentMediaPortlet_delta=20&_com_irdai_document_media_IRDAIDocumentMediaPortlet_resetCur=false&_com_irdai_document_media_IRDAIDocumentMediaPortlet_cur=7,"IRDA( Insurance Advisory Committee - Reconstitution ) , 2013.pdf",1.1,1665133360,2026-08-02 09:24:28,81.4,eda1aeeb297e0f093f59b787b585530d,false
IRDA_Insurance_Brokers_Second_Amendment_Regulations_2013.pdf,Regulation,gold,https://irdai.gov.in/documents/37343/366405/IRDA+%28Insurance+Brokers%29+%28Second+Amendment%29+Regulations%2C+2013.pdf/4de884f7-714a-1900-c8c1-679fc1941a44?version=1.0&t=1631529132575&download=true,https://irdai.gov.in/consolidated-gazette-notified-regulations?p_p_id=com_irdai_document_media_IRDAIDocumentMediaPortlet&p_p_lifecycle=0&p_p_state=normal&p_p_mode=view&_com_irdai_document_media_IRDAIDocumentMediaPortlet_delta=20&_com_irdai_document_media_IRDAIDocumentMediaPortlet_resetCur=false&_com_irdai_document_media_IRDAIDocumentMediaPortlet_cur=7,"IRDA (Insurance Brokers) (Second Amendment) Regulations, 2013.pdf",1.0,1631529132,2026-08-02 09:24:30,4592.6,bcac94006161e415f8d85e9441e05c08,false
IRDA_Places_of_Business_Regulations_2013.pdf,Regulation,gold,https://irdai.gov.in/documents/37343/366405/IRDA+%28Places+of+Business%29+Regulations%2C+2013.pdf/d55ac706-89f2-3a08-0c40-a67920c34870?version=1.0&t=1631529139619&download=true,https://irdai.gov.in/consolidated-gazette-notified-regulations?p_p_id=com_irdai_document_media_IRDAIDocumentMediaPortlet&p_p_lifecycle=0&p_p_state=normal&p_p_mode=view&_com_irdai_document_media_IRDAIDocumentMediaPortlet_delta=20&_com_irdai_document_media_IRDAIDocumentMediaPortlet_resetCur=false&_com_irdai_document_media_IRDAIDocumentMediaPortlet_cur=7,"IRDA (Places of Business) Regulations, 2013.pdf",1.0,1631529139,2026-08-02 09:24:33,1200.0,9b44859df5bd2df688de556c408a4134,false
IRDA_Life_Insurance-Reinsurance_Regulations_2013.pdf,Regulation,gold,https://irdai.gov.in/documents/37343/366405/IRDA+%28Life+Insurance-Reinsurance%29+Regulations%2C+2013.pdf/30dfa192-98f3-2da2-746c-1652106874f0?version=1.0&t=1631529140558&download=true,https://irdai.gov.in/consolidated-gazette-notified-regulations?p_p_id=com_irdai_document_media_IRDAIDocumentMediaPortlet&p_p_lifecycle=0&p_p_state=normal&p_p_mode=view&_com_irdai_document_media_IRDAIDocumentMediaPortlet_delta=20&_com_irdai_document_media_IRDAIDocumentMediaPortlet_resetCur=false&_com_irdai_document_media_IRDAIDocumentMediaPortlet_cur=7,"IRDA (Life Insurance-Reinsurance) Regulations, 2013.pdf",1.0,1631529140,2026-08-02 09:24:36,3273.7,2e037ca664adeaa051ad87d99997a974,false
INSURANCE_SURVEYORS_AND_LOSS_ASSESSORS_LICENSING_PROFESSIONAL_REQUIREMENTS.pdf,Regulation,gold,https://irdai.gov.in/documents/37343/366405/INSURANCE+SURVEYORS+AND+LOSS+ASSESSORS+%28LICENSING+PROFESSIONAL+REQUIREMENTS.pdf/09a18991-be91-6faa-aba4-835b20432111?version=1.0&t=1631529126979&download=true,https://irdai.gov.in/consolidated-gazette-notified-regulations?p_p_id=com_irdai_document_media_IRDAIDocumentMediaPortlet&p_p_lifecycle=0&p_p_state=normal&p_p_mode=view&_com_irdai_document_media_IRDAIDocumentMediaPortlet_delta=20&_com_irdai_document_media_IRDAIDocumentMediaPortlet_resetCur=false&_com_irdai_document_media_IRDAIDocumentMediaPortlet_cur=7,INSURANCE SURVEYORS AND LOSS ASSESSORS (LICENSING PROFESSIONAL REQUIREMENTS.pdf,1.0,1631529126,2026-08-02 09:24:40,6196.2,b30d80b6f8509d6d42cc40b6b193c7c0,false
IRDA_Non-Linked_Insurance_Products_Regulations_2013.pdf,Regulation,gold,https://irdai.gov.in/documents/37343/366405/IRDA+%28Non-Linked+Insurance+Products%29+Regulations%2C+2013.pdf/144ec6a0-6d0f-3d4e-623e-1681043a4da6?version=1.0&t=1631529103316&download=true,https://irdai.gov.in/consolidated-gazette-notified-regulations?p_p_id=com_irdai_document_media_IRDAIDocumentMediaPortlet&p_p_lifecycle=0&p_p_state=normal&p_p_mode=view&_com_irdai_document_media_IRDAIDocumentMediaPortlet_delta=20&_com_irdai_document_media_IRDAIDocumentMediaPortlet_resetCur=false&_com_irdai_document_media_IRDAIDocumentMediaPortlet_cur=7,"IRDA (Non-Linked Insurance Products) Regulations, 2013.pdf",1.0,1631529103,2026-08-02 09:24:43,4149.2,f1c09c7d0ef6662f51e5d093a98125fa,false
IRDA_Issuance_of_Capital_by_General_Insurance_Companies_Regulations_2013.pdf,Regulation,gold,https://irdai.gov.in/documents/37343/366405/IRDA+%28Issuance+of+Capital+by+General+Insurance+Companies%29+Regulations%2C+2013.pdf/687cf97b-2db4-85ab-150a-2898416827f5?version=1.0&t=1631529105801&download=true,https://irdai.gov.in/consolidated-gazette-notified-regulations?p_p_id=com_irdai_document_media_IRDAIDocumentMediaPortlet&p_p_lifecycle=0&p_p_state=normal&p_p_mode=view&_com_irdai_document_media_IRDAIDocumentMediaPortlet_delta=20&_com_irdai_document_media_IRDAIDocumentMediaPortlet_resetCur=false&_com_irdai_document_media_IRDAIDocumentMediaPortlet_cur=7,"IRDA (Issuance of Capital by General Insurance Companies) Regulations, 2013.pdf",1.0,1631529105,2026-08-02 09:24:45,1353.1,bf3a78730a8656147f31f6258b891fca,false
IRDA_Standard_Proposal_Form_for_Life_Insurance_Regulations_2013.pdf,Regulation,gold,https://irdai.gov.in/documents/37343/366405/IRDA+%28Standard+Proposal+Form+for+Life+Insurance%29+Regulations%2C+2013.pdf/d1aeeeda-8f7c-d895-2317-2a92c195be8b?version=1.0&t=1631529107004&download=true,https://irdai.gov.in/consolidated-gazette-notified-regulations?p_p_id=com_irdai_document_media_IRDAIDocumentMediaPortlet&p_p_lifecycle=0&p_p_state=normal&p_p_mode=view&_com_irdai_document_media_IRDAIDocumentMediaPortlet_delta=20&_com_irdai_document_media_IRDAIDocumentMediaPortlet_resetCur=false&_com_irdai_document_media_IRDAIDocumentMediaPortlet_cur=7,"IRDA (Standard Proposal Form for Life Insurance) Regulations, 2013.pdf",1.0,1631529107,2026-08-02 09:24:48,1774.6,bd4b0ba575262062a4065e571ebfa9d2,false
IRDA_Third_Party_Administrators-Health_Services_First_Amendment_Regulat.pdf,Regulation,gold,https://irdai.gov.in/documents/37343/366405/IRDA+%28Third+Party+Administrators-Health+Services%29+%28First+Amendment%29+Regulat.pdf/4cf8f588-ea66-f0f6-60a6-203aebf1d9c2?version=1.0&t=1631529108332&download=true,https://irdai.gov.in/consolidated-gazette-notified-regulations?p_p_id=com_irdai_document_media_IRDAIDocumentMediaPortlet&p_p_lifecycle=0&p_p_state=normal&p_p_mode=view&_com_irdai_document_media_IRDAIDocumentMediaPortlet_delta=20&_com_irdai_document_media_IRDAIDocumentMediaPortlet_resetCur=false&_com_irdai_document_media_IRDAIDocumentMediaPortlet_cur=7,IRDA (Third Party Administrators-Health Services) (First Amendment) Regulat.pdf,1.0,1631529108,2026-08-02 09:24:50,2980.9,45179e5697b5213d904009a84f500068,false
IRDA_Health_Insurance_Regulations_2013.pdf,Regulation,gold,https://irdai.gov.in/documents/37343/366405/IRDA+%28Health+Insurance%29+Regulations%2C+2013.pdf/743e441f-9c56-2154-e278-0522b8c2110e?version=1.0&t=1631529090599&download=true,https://irdai.gov.in/consolidated-gazette-notified-regulations?p_p_id=com_irdai_document_media_IRDAIDocumentMediaPortlet&p_p_lifecycle=0&p_p_state=normal&p_p_mode=view&_com_irdai_document_media_IRDAIDocumentMediaPortlet_delta=20&_com_irdai_document_media_IRDAIDocumentMediaPortlet_resetCur=false&_com_irdai_document_media_IRDAIDocumentMediaPortlet_cur=7,"IRDA (Health Insurance) Regulations, 2013.pdf",1.0,1631529090,2026-08-02 09:24:54,7916.1,7fa4828d9bc3db61dcebbc497fd98a69,false
IRDA_Linked_Insurance_Products_Regulations_2013.pdf,Regulation,gold,https://irdai.gov.in/documents/37343/366405/IRDA+%28Linked+Insurance+Products%29+Regulations%2C+2013.pdf/d1e5eeb1-77c1-f4ca-0b34-9b8344cacf3e?version=1.0&t=1631529099817&download=true,https://irdai.gov.in/consolidated-gazette-notified-regulations?p_p_id=com_irdai_document_media_IRDAIDocumentMediaPortlet&p_p_lifecycle=0&p_p_state=normal&p_p_mode=view&_com_irdai_document_media_IRDAIDocumentMediaPortlet_delta=20&_com_irdai_document_media_IRDAIDocumentMediaPortlet_resetCur=false&_com_irdai_document_media_IRDAIDocumentMediaPortlet_cur=7,"IRDA (Linked Insurance Products) Regulations, 2013.pdf",1.0,1631529099,2026-08-02 09:24:57,7178.6,c744bd5735a178c271a45e7f6344538e,false
Insurance_Regulatory_and_Development_Authority_Appointed_Actuary_First_A.pdf,Regulation,gold,https://irdai.gov.in/documents/37343/366405/Insurance+Regulatory+and+Development+Authority+%28Appointed+Actuary%29+%28First+A.pdf/26de9117-0487-8c3f-e9ee-090b24a6c4f4?version=1.0&t=1631529080921&download=true,https://irdai.gov.in/consolidated-gazette-notified-regulations?p_p_id=com_irdai_document_media_IRDAIDocumentMediaPortlet&p_p_lifecycle=0&p_p_state=normal&p_p_mode=view&_com_irdai_document_media_IRDAIDocumentMediaPortlet_delta=20&_com_irdai_document_media_IRDAIDocumentMediaPortlet_resetCur=false&_com_irdai_document_media_IRDAIDocumentMediaPortlet_cur=7,Insurance Regulatory and Development Authority (Appointed Actuary) (First A.pdf,1.0,1631529080,2026-08-02 09:24:59,408.7,1075b5529e66c69c9652d08628405e59,false
Insurance_Regulatory_and_Development_Authority_General_Insurance_-_Reinsur.pdf,Regulation,gold,https://irdai.gov.in/documents/37343/366405/Insurance+Regulatory+and+Development+Authority+%28General+Insurance+-+Reinsur.pdf/08db60dc-3fab-50e3-8ece-4dede24f0148?version=1.0&t=1631529081922&download=true,https://irdai.gov.in/consolidated-gazette-notified-regulations?p_p_id=com_irdai_document_media_IRDAIDocumentMediaPortlet&p_p_lifecycle=0&p_p_state=normal&p_p_mode=view&_com_irdai_document_media_IRDAIDocumentMediaPortlet_delta=20&_com_irdai_document_media_IRDAIDocumentMediaPortlet_resetCur=false&_com_irdai_document_media_IRDAIDocumentMediaPortlet_cur=7,Insurance Regulatory and Development Authority (General Insurance - Reinsur.pdf,1.0,1631529081,2026-08-02 09:25:01,860.9,2a5c2ee65143ffdafe90c413d060987d,false
Insurance_Regulatory_and_Development_Authority_Registration_of_Indian_Insu.pdf,Regulation,gold,https://irdai.gov.in/documents/37343/366405/Insurance+Regulatory+and+Development+Authority+%28Registration+of+Indian+Insu.pdf/d3baf8f6-0089-4b01-b588-6f4c357d3f6a?version=1.0&t=1631529082673&download=true,https://irdai.gov.in/consolidated-gazette-notified-regulations?p_p_id=com_irdai_document_media_IRDAIDocumentMediaPortlet&p_p_lifecycle=0&p_p_state=normal&p_p_mode=view&_com_irdai_document_media_IRDAIDocumentMediaPortlet_delta=20&_com_irdai_document_media_IRDAIDocumentMediaPortlet_resetCur=false&_com_irdai_document_media_IRDAIDocumentMediaPortlet_cur=7,Insurance Regulatory and Development Authority (Registration of Indian Insu.pdf,1.0,1631529082,2026-08-02 09:25:03,321.9,767b4100972611bf7acbd7fb230d5d23,false
Insurance_Regulatory_and_Development_Authority_Health_Insurance_Regulatio.pdf,Regulation,gold,https://irdai.gov.in/documents/37343/366405/Insurance+Regulatory+and+Development+Authority+%28Health+Insurance%29+Regulatio.pdf/f1186766-e1cf-f82d-6414-04804bea4f4f?version=1.0&t=1631529068076&download=true,https://irdai.gov.in/consolidated-gazette-notified-regulations?p_p_id=com_irdai_document_media_IRDAIDocumentMediaPortlet&p_p_lifecycle=0&p_p_state=normal&p_p_mode=view&_com_irdai_document_media_IRDAIDocumentMediaPortlet_delta=20&_com_irdai_document_media_IRDAIDocumentMediaPortlet_resetCur=false&_com_irdai_document_media_IRDAIDocumentMediaPortlet_cur=7,Insurance Regulatory and Development Authority (Health Insurance) Regulatio.pdf,1.0,1631529068,2026-08-02 09:25:07,5569.7,53d1098b766f118ca1d524a6fcdd6562,false
IRDA_Standard_Proposal_Form_for_Life_Insurance_Regulations_2013_1.pdf,Regulation,gold,https://irdai.gov.in/documents/37343/366405/IRDA%28Standard+Proposal+Form+for+Life+Insurance+%29+Regulations%2C+2013.pdf/dc10ba9c-9c63-e66b-aea8-4136ced486b8?version=1.0&t=1631529076795&download=true,https://irdai.gov.in/consolidated-gazette-notified-regulations?p_p_id=com_irdai_document_media_IRDAIDocumentMediaPortlet&p_p_lifecycle=0&p_p_state=normal&p_p_mode=view&_com_irdai_document_media_IRDAIDocumentMediaPortlet_delta=20&_com_irdai_document_media_IRDAIDocumentMediaPortlet_resetCur=false&_com_irdai_document_media_IRDAIDocumentMediaPortlet_cur=7,"IRDA(Standard Proposal Form for Life Insurance ) Regulations, 2013.pdf",1.0,1631529076,2026-08-02 09:25:09,1733.7,2b52de04189a8dbffea8d43daca69f7b,false
Insurance_Regulatory_and_Development_Authority_Investment_Fifth_Amendmen.pdf,Regulation,gold,https://irdai.gov.in/documents/37343/366405/Insurance+Regulatory+and+Development+Authority+%28Investment%29+%28Fifth+Amendmen.pdf/a322428f-5f6c-90b8-6266-a96866cf6954?version=1.0&t=1631529020407&download=true,https://irdai.gov.in/consolidated-gazette-notified-regulations?p_p_id=com_irdai_document_media_IRDAIDocumentMediaPortlet&p_p_lifecycle=0&p_p_state=normal&p_p_mode=view&_com_irdai_document_media_IRDAIDocumentMediaPortlet_delta=20&_com_irdai_document_media_IRDAIDocumentMediaPortlet_resetCur=false&_com_irdai_document_media_IRDAIDocumentMediaPortlet_cur=8,Insurance Regulatory and Development Authority (Investment) (Fifth Amendmen.pdf,1.0,1631529020,2026-08-02 09:25:12,4310.6,d4d92828b48c965ba81b82543e290430,false
IRDA_Insurance_Advisory_Committee_Meetings_First_Amendment_Regulation.pdf,Regulation,gold,https://irdai.gov.in/documents/37343/366405/IRDA%28+Insurance+Advisory+Committee+%28+Meetings%29+%28+First+Amendment%29Regulation.pdf/1ad2bd65-e230-b27e-97c5-bfd5627804ea?version=1.2&t=1665133364364&download=true,https://irdai.gov.in/consolidated-gazette-notified-regulations?p_p_id=com_irdai_document_media_IRDAIDocumentMediaPortlet&p_p_lifecycle=0&p_p_state=normal&p_p_mode=view&_com_irdai_document_media_IRDAIDocumentMediaPortlet_delta=20&_com_irdai_document_media_IRDAIDocumentMediaPortlet_resetCur=false&_com_irdai_document_media_IRDAIDocumentMediaPortlet_cur=8,IRDA( Insurance Advisory Committee ( Meetings) ( First Amendment)Regulation.pdf,1.2,1665133364,2026-08-02 09:25:14,575.5,4866126e7060d4cb067d18b2d846ff58,false
IRDA_REGISTRATION_OF_INDIAN_INSURANCE_COMPANIES_THIRD_AMENDMENT_REGULAT_Nov_2012.pdf,Regulation,gold,https://irdai.gov.in/documents/37343/366405/IRDA+%28REGISTRATION+OF+INDIAN+INSURANCE+COMPANIES%29+%28THIRD+AMENDMENT%29+REGULAT%2C+Nov+2012.pdf/ac38a259-43c8-c570-c482-872f18b51261?version=1.0&t=1637213863290&download=true,https://irdai.gov.in/consolidated-gazette-notified-regulations?p_p_id=com_irdai_document_media_IRDAIDocumentMediaPortlet&p_p_lifecycle=0&p_p_state=normal&p_p_mode=view&_com_irdai_document_media_IRDAIDocumentMediaPortlet_delta=20&_com_irdai_document_media_IRDAIDocumentMediaPortlet_resetCur=false&_com_irdai_document_media_IRDAIDocumentMediaPortlet_cur=8,"IRDA (REGISTRATION OF INDIAN INSURANCE COMPANIES) (THIRD AMENDMENT) REGULAT, Nov 2012.pdf",1.0,1637213863,2026-08-02 09:25:17,1317.3,b2139e8a9aaf6cd609112bd669f7d7b4,false
IRDA_Issuance_of_Capital_by_Life_Insurance_Companies_Regulations_2011.pdf,Regulation,gold,https://irdai.gov.in/documents/37343/366405/IRDA%28Issuance+of+Capital+by+Life+Insurance+Companies%29Regulations%2C+2011.pdf/8c97abe4-18f9-98eb-43f4-3bbfff1749aa?version=1.0&t=1631528722959&download=true,https://irdai.gov.in/consolidated-gazette-notified-regulations?p_p_id=com_irdai_document_media_IRDAIDocumentMediaPortlet&p_p_lifecycle=0&p_p_state=normal&p_p_mode=view&_com_irdai_document_media_IRDAIDocumentMediaPortlet_delta=20&_com_irdai_document_media_IRDAIDocumentMediaPortlet_resetCur=false&_com_irdai_document_media_IRDAIDocumentMediaPortlet_cur=8,"IRDA(Issuance of Capital by Life Insurance Companies)Regulations, 2011.pdf",1.0,1631528722,2026-08-02 09:25:19,2509.8,a93af6a11a0061327d2f782e4fda274b,false
IRDA_Scheme_for_Amalgamation_and_Transfer_of_General_Insurance_Business_Re.pdf,Regulation,gold,https://irdai.gov.in/documents/37343/366405/IRDA%28Scheme+for+Amalgamation+and+Transfer+of+General+Insurance+Business%29+Re.pdf/ef3d8e7f-f0b3-344b-3e76-62eb2518a286?version=1.0&t=1631528583766&download=true,https://irdai.gov.in/consolidated-gazette-notified-regulations?p_p_id=com_irdai_document_media_IRDAIDocumentMediaPortlet&p_p_lifecycle=0&p_p_state=normal&p_p_mode=view&_com_irdai_document_media_IRDAIDocumentMediaPortlet_delta=20&_com_irdai_document_media_IRDAIDocumentMediaPortlet_resetCur=false&_com_irdai_document_media_IRDAIDocumentMediaPortlet_cur=8,IRDA(Scheme for Amalgamation and Transfer of General Insurance Business) Re.pdf,1.0,1631528583,2026-08-02 09:25:22,2092.3,d205d4edb86ab43cff2f5669fdd11afa,false
IRDA_Treatment_of_Discontinued_Linked_Insurance_Policies_Regulations_201.pdf,Regulation,gold,https://irdai.gov.in/documents/37343/366405/IRDA+%28Treatment+of+Discontinued+Linked+Insurance+Policies%29+Regulations%2C+201.pdf/b513e3ca-fd57-b232-7fa9-d8fa12b93738?version=1.0&t=1631532005054&download=true,https://irdai.gov.in/consolidated-gazette-notified-regulations?p_p_id=com_irdai_document_media_IRDAIDocumentMediaPortlet&p_p_lifecycle=0&p_p_state=normal&p_p_mode=view&_com_irdai_document_media_IRDAIDocumentMediaPortlet_delta=20&_com_irdai_document_media_IRDAIDocumentMediaPortlet_resetCur=false&_com_irdai_document_media_IRDAIDocumentMediaPortlet_cur=8,"IRDA (Treatment of Discontinued Linked Insurance Policies) Regulations, 201.pdf",1.0,1631532005,2026-08-02 09:25:24,565.6,6855ed27ec61ac41f58271a65b0423cb,false
IRDA_Licensing_of_Corporate_Agents_Amendment_Regulations_2010.pdf,Regulation,gold,https://irdai.gov.in/documents/37343/366405/IRDA+%28Licensing+of+Corporate+Agents%29+%28Amendment%29+Regulations%2C+2010.pdf/1cf5d8c1-88ff-8692-553e-d993b7c04f3f?version=1.1&t=1639041923798&download=true,https://irdai.gov.in/consolidated-gazette-notified-regulations?p_p_id=com_irdai_document_media_IRDAIDocumentMediaPortlet&p_p_lifecycle=0&p_p_state=normal&p_p_mode=view&_com_irdai_document_media_IRDAIDocumentMediaPortlet_delta=20&_com_irdai_document_media_IRDAIDocumentMediaPortlet_resetCur=false&_com_irdai_document_media_IRDAIDocumentMediaPortlet_cur=8,"IRDA (Licensing of Corporate Agents) (Amendment) Regulations, 2010.pdf",1.1,1639041923,2026-08-02 09:25:26,172.5,dc33ef13e7a94f2929f364bfaab1dfcd,false
IRDA_Insurance_Advertisements_and_Disclosure_Amendment_Regulations_201.pdf,Regulation,gold,https://irdai.gov.in/documents/37343/366405/IRDA+%28Insurance+Advertisements+and+Disclosure%29+%28Amendment%29+Regulations%2C+201.pdf/99558451-3d15-559e-eb8c-d0ebc131b354?version=1.0&t=1631532006120&download=true,https://irdai.gov.in/consolidated-gazette-notified-regulations?p_p_id=com_irdai_document_media_IRDAIDocumentMediaPortlet&p_p_lifecycle=0&p_p_state=normal&p_p_mode=view&_com_irdai_document_media_IRDAIDocumentMediaPortlet_delta=20&_com_irdai_document_media_IRDAIDocumentMediaPortlet_resetCur=false&_com_irdai_document_media_IRDAIDocumentMediaPortlet_cur=8,"IRDA (Insurance Advertisements and Disclosure) (Amendment) Regulations, 201.pdf",1.0,1631532006,2026-08-02 09:25:27,49.1,436db19e1b575cb0cd676dc068e0ef74,false
IRDA_Insurance_Advisory_Committee_Inclusion_of_three_members_2008.pdf,Regulation,gold,https://irdai.gov.in/documents/37343/366405/IRDA+%28+Insurance+Advisory+Committee+%29+Inclusion+of+three+members%2C2008.pdf/9da3d28b-f413-1737-0d17-02c03cef207c?version=1.1&t=1665133367587&download=true,https://irdai.gov.in/consolidated-gazette-notified-regulations?p_p_id=com_irdai_document_media_IRDAIDocumentMediaPortlet&p_p_lifecycle=0&p_p_state=normal&p_p_mode=view&_com_irdai_document_media_IRDAIDocumentMediaPortlet_delta=20&_com_irdai_document_media_IRDAIDocumentMediaPortlet_resetCur=false&_com_irdai_document_media_IRDAIDocumentMediaPortlet_cur=8,"IRDA ( Insurance Advisory Committee ) Inclusion of three members,2008.pdf",1.1,1665133367,2026-08-02 09:25:29,50.1,177057e2812356422ecf73f504e1c5f7,false
IRDA_Investment_Fourth_Amendment_Regulations_2008.pdf,Regulation,gold,https://irdai.gov.in/documents/37343/366405/IRDA+%28Investment%29+%28Fourth+Amendment%29+Regulations%2C+2008.pdf/94638bb9-53df-1bf9-1f4f-01da14adf735?version=1.0&t=1631530964304&download=true,https://irdai.gov.in/consolidated-gazette-notified-regulations?p_p_id=com_irdai_document_media_IRDAIDocumentMediaPortlet&p_p_lifecycle=0&p_p_state=normal&p_p_mode=view&_com_irdai_document_media_IRDAIDocumentMediaPortlet_delta=20&_com_irdai_document_media_IRDAIDocumentMediaPortlet_resetCur=false&_com_irdai_document_media_IRDAIDocumentMediaPortlet_cur=8,"IRDA (Investment) (Fourth Amendment) Regulations, 2008.pdf",1.0,1631530964,2026-08-02 09:25:31,2697.0,e57375dcd7336629d5916b0285d06826,false
IRDA_Registration_of_Indian_InsCos_Second_Amendment_Reg_-2008.pdf,Regulation,gold,https://irdai.gov.in/documents/37343/366405/IRDA+%28Registration+of+Indian+InsCos%29%28Second+Amendment+Reg%29-2008.pdf/80fc2a27-ad74-ccc3-db87-46b505b98c03?version=1.0&t=1631530018081&download=true,https://irdai.gov.in/consolidated-gazette-notified-regulations?p_p_id=com_irdai_document_media_IRDAIDocumentMediaPortlet&p_p_lifecycle=0&p_p_state=normal&p_p_mode=view&_com_irdai_document_media_IRDAIDocumentMediaPortlet_delta=20&_com_irdai_document_media_IRDAIDocumentMediaPortlet_resetCur=false&_com_irdai_document_media_IRDAIDocumentMediaPortlet_cur=8,IRDA (Registration of Indian InsCos)(Second Amendment Reg)-2008.pdf,1.0,1631530018,2026-08-02 09:25:34,768.3,693ddcc5919f7aadf3deddff213cdfe3,false
IRDA_Obligations_of_insurer_s_to_Rural_or_Social_Sector_Fourth_Amendment_.pdf,Regulation,gold,https://irdai.gov.in/documents/37343/366405/IRDA%28Obligations+of+insurer%7Es+to+Rural+or+Social+Sector%29+%28Fourth+Amendment%29.pdf/3fb0eca5-1935-b8e9-fca0-ca608b46bfaf?version=1.0&t=1631529963307&download=true,https://irdai.gov.in/consolidated-gazette-notified-regulations?p_p_id=com_irdai_document_media_IRDAIDocumentMediaPortlet&p_p_lifecycle=0&p_p_state=normal&p_p_mode=view&_com_irdai_document_media_IRDAIDocumentMediaPortlet_delta=20&_com_irdai_document_media_IRDAIDocumentMediaPortlet_resetCur=false&_com_irdai_document_media_IRDAIDocumentMediaPortlet_cur=8,IRDA(Obligations of insurer~s to Rural or Social Sector) (Fourth Amendment).pdf,1.0,1631529963,2026-08-02 09:25:36,1640.0,4a41f72d97117c16b7ce9b94db291235,false
IRDA_Obligations_of_insurer_s_to_Rural_or_Social_Sector_Third_Amendment_.pdf,Regulation,gold,https://irdai.gov.in/documents/37343/366405/IRDA%28Obligations+of+insurer%7Es+to+Rural+or+Social+Sector%29+%28Third+Amendment%29.pdf/9fcfb064-739a-cc94-8ad2-04c2547a2ad3?version=1.0&t=1631529975233&download=true,https://irdai.gov.in/consolidated-gazette-notified-regulations?p_p_id=com_irdai_document_media_IRDAIDocumentMediaPortlet&p_p_lifecycle=0&p_p_state=normal&p_p_mode=view&_com_irdai_document_media_IRDAIDocumentMediaPortlet_delta=20&_com_irdai_document_media_IRDAIDocumentMediaPortlet_resetCur=false&_com_irdai_document_media_IRDAIDocumentMediaPortlet_cur=8,IRDA(Obligations of insurer~s to Rural or Social Sector) (Third Amendment).pdf,1.0,1631529975,2026-08-02 09:25:39,3603.4,3304b439f9078b71aa80a28ab0aef3a1,false
IRDA_Insurance_Brokers_Amendment_Regulations_2007.pdf,Regulation,gold,https://irdai.gov.in/documents/37343/366405/IRDA+%28+Insurance+Brokers%29+%28Amendment+%29+Regulations%7E+2007.pdf/15b257bf-c60f-e91f-867d-4be261a13cd1?version=1.2&t=1638433917680&download=true,https://irdai.gov.in/consolidated-gazette-notified-regulations?p_p_id=com_irdai_document_media_IRDAIDocumentMediaPortlet&p_p_lifecycle=0&p_p_state=normal&p_p_mode=view&_com_irdai_document_media_IRDAIDocumentMediaPortlet_delta=20&_com_irdai_document_media_IRDAIDocumentMediaPortlet_resetCur=false&_com_irdai_document_media_IRDAIDocumentMediaPortlet_cur=8,IRDA ( Insurance Brokers) (Amendment ) Regulations~ 2007.pdf,1.2,1638433917,2026-08-02 09:25:41,529.4,5df8775e34d08d2b4abfbb73d03037e4,false
IRDA_Licensing_of_Insurance_Agents_Corporate_Agents_Amendment_Regula.pdf,Regulation,gold,https://irdai.gov.in/documents/37343/366405/IRDA+%28Licensing+of+Insurance+Agents%29+%26%28Corporate+Agents%29+%28Amendment%29+Regula.pdf/7f70dac1-4488-323f-6395-7fac4c660cf2?version=1.1&t=1638686343034&download=true,https://irdai.gov.in/consolidated-gazette-notified-regulations?p_p_id=com_irdai_document_media_IRDAIDocumentMediaPortlet&p_p_lifecycle=0&p_p_state=normal&p_p_mode=view&_com_irdai_document_media_IRDAIDocumentMediaPortlet_delta=20&_com_irdai_document_media_IRDAIDocumentMediaPortlet_resetCur=false&_com_irdai_document_media_IRDAIDocumentMediaPortlet_cur=8,IRDA (Licensing of Insurance Agents) &(Corporate Agents) (Amendment) Regula.pdf,1.1,1638686343,2026-08-02 09:25:43,162.4,0e6ad4bcf93a57cf52a7c30d663fa9f9,false
IRDA_Obligations_of_Insurers_to_Rural_or_Social_Sectors_Regulations_2005.pdf,Regulation,gold,https://irdai.gov.in/documents/37343/366405/IRDA+%28Obligations+of+Insurers+to+Rural+or+Social+Sectors%29+Regulations%2C+2005.pdf/e00b0e83-a627-c7c9-fd72-4fbb443ca14e?version=2.0&t=1638776595143&download=true,https://irdai.gov.in/consolidated-gazette-notified-regulations?p_p_id=com_irdai_document_media_IRDAIDocumentMediaPortlet&p_p_lifecycle=0&p_p_state=normal&p_p_mode=view&_com_irdai_document_media_IRDAIDocumentMediaPortlet_delta=20&_com_irdai_document_media_IRDAIDocumentMediaPortlet_resetCur=false&_com_irdai_document_media_IRDAIDocumentMediaPortlet_cur=8,"IRDA (Obligations of Insurers to Rural or Social Sectors) Regulations, 2005.pdf",2.0,1638776595,2026-08-02 09:25:44,91.5,922d1418830837cd1ea3114906b1d525,false
IRDA_Micro-Insurance_Regulations_2005.pdf,Regulation,gold,https://irdai.gov.in/documents/37343/366405/IRDA+%28+Micro-Insurance+%29+Regulations%7E+2005.pdf/37eed88e-c4e0-c068-952c-1c79d0274884?version=1.1&t=1637220422752&download=true,https://irdai.gov.in/consolidated-gazette-notified-regulations?p_p_id=com_irdai_document_media_IRDAIDocumentMediaPortlet&p_p_lifecycle=0&p_p_state=normal&p_p_mode=view&_com_irdai_document_media_IRDAIDocumentMediaPortlet_delta=20&_com_irdai_document_media_IRDAIDocumentMediaPortlet_resetCur=false&_com_irdai_document_media_IRDAIDocumentMediaPortlet_cur=8,IRDA ( Micro-Insurance ) Regulations~ 2005.pdf,1.1,1637220422,2026-08-02 09:25:48,7357.8,84c0dcbb13084a861482196e2a40f150,false
IRDA_Conditions_of_Service_of_Officers_and_Other_Employees_Amendment_Re.pdf,Regulation,gold,https://irdai.gov.in/documents/37343/366405/IRDA+%28Conditions+of+Service+of+Officers+and+Other+Employees%29+%28Amendment%29+Re.pdf/b3723ac7-7be6-9142-e1ff-ac8d69d4e7d8?version=1.0&t=1631531976859&download=true,https://irdai.gov.in/consolidated-gazette-notified-regulations?p_p_id=com_irdai_document_media_IRDAIDocumentMediaPortlet&p_p_lifecycle=0&p_p_state=normal&p_p_mode=view&_com_irdai_document_media_IRDAIDocumentMediaPortlet_delta=20&_com_irdai_document_media_IRDAIDocumentMediaPortlet_resetCur=false&_com_irdai_document_media_IRDAIDocumentMediaPortlet_cur=8,IRDA (Conditions of Service of Officers and Other Employees) (Amendment) Re.pdf,1.0,1631531976,2026-08-02 09:25:50,171.9,73c856c88bb97f80dde25d6bd285e492,false
Insurance_Advisory_Commitee_Amendment_2005.pdf,Regulation,gold,https://irdai.gov.in/documents/37343/366405/Insurance+Advisory+Commitee+%28Amendment%29%2C+2005.pdf/ef7d80aa-f1b9-a903-f48a-b869937f2644?version=1.2&t=1638433507370&download=true,https://irdai.gov.in/consolidated-gazette-notified-regulations?p_p_id=com_irdai_document_media_IRDAIDocumentMediaPortlet&p_p_lifecycle=0&p_p_state=normal&p_p_mode=view&_com_irdai_document_media_IRDAIDocumentMediaPortlet_delta=20&_com_irdai_document_media_IRDAIDocumentMediaPortlet_resetCur=false&_com_irdai_document_media_IRDAIDocumentMediaPortlet_cur=8,"Insurance Advisory Commitee (Amendment), 2005.pdf",1.2,1638433507,2026-08-02 09:25:51,127.7,5224d6dd444db965a2db1878d277a0d9,false
Comments_on_Concept_Paper_on_Micro-insurance.pdf,Regulation,gold,https://irdai.gov.in/documents/37343/366405/Comments+on+Concept+Paper+on+Micro-insurance.pdf/d72f7192-a9ac-44f6-e6f8-65e580fe874c?version=1.1&t=1637720171613&download=true,https://irdai.gov.in/consolidated-gazette-notified-regulations?p_p_id=com_irdai_document_media_IRDAIDocumentMediaPortlet&p_p_lifecycle=0&p_p_state=normal&p_p_mode=view&_com_irdai_document_media_IRDAIDocumentMediaPortlet_delta=20&_com_irdai_document_media_IRDAIDocumentMediaPortlet_resetCur=false&_com_irdai_document_media_IRDAIDocumentMediaPortlet_cur=9,Comments on Concept Paper on Micro-insurance.pdf,1.1,1637720171,2026-08-02 09:25:53,158.8,86d4f5505a60f4f0c016daa3f30a30c5,false
IRDA_Obligations_of_Insurers_to_Rural_and_Social_Sectors_Amendment_Regu.pdf,Regulation,gold,https://irdai.gov.in/documents/37343/366405/IRDA+%28Obligations+of+Insurers+to+Rural+and+Social+Sectors%29+%28Amendment%29+Regu.pdf/bd373227-bcbf-c833-2b4b-073f448cc6b8?version=1.0&t=1631531927779&download=true,https://irdai.gov.in/consolidated-gazette-notified-regulations?p_p_id=com_irdai_document_media_IRDAIDocumentMediaPortlet&p_p_lifecycle=0&p_p_state=normal&p_p_mode=view&_com_irdai_document_media_IRDAIDocumentMediaPortlet_delta=20&_com_irdai_document_media_IRDAIDocumentMediaPortlet_resetCur=false&_com_irdai_document_media_IRDAIDocumentMediaPortlet_cur=9,IRDA (Obligations of Insurers to Rural and Social Sectors) (Amendment) Regu.pdf,1.0,1631531927,2026-08-02 09:25:55,181.8,e902d7232f3d223e4e67f5aec5949e7d,false
IRDA_Qualification_of_Actuary_2004.pdf,Regulation,gold,https://irdai.gov.in/documents/37343/366405/IRDA%28Qualification+of+Actuary%29%7E2004.pdf/44e803b3-7a09-9463-f126-ef761ad23b71?version=1.0&t=1631531790741&download=true,https://irdai.gov.in/consolidated-gazette-notified-regulations?p_p_id=com_irdai_document_media_IRDAIDocumentMediaPortlet&p_p_lifecycle=0&p_p_state=normal&p_p_mode=view&_com_irdai_document_media_IRDAIDocumentMediaPortlet_delta=20&_com_irdai_document_media_IRDAIDocumentMediaPortlet_resetCur=false&_com_irdai_document_media_IRDAIDocumentMediaPortlet_cur=9,IRDA(Qualification of Actuary)~2004.pdf,1.0,1631531790,2026-08-02 09:25:56,142.6,a44b775b0d71ca8eaf7847d5a3c320ce,false
IRDA_Investment_Amendment_Regulations_2004.pdf,Regulation,gold,https://irdai.gov.in/documents/37343/366405/IRDA%28Investment%29Amendment+Regulations%7E2004.pdf/36c7866c-1e98-9faf-4e59-6e14f763cea5?version=1.0&t=1631530840585&download=true,https://irdai.gov.in/consolidated-gazette-notified-regulations?p_p_id=com_irdai_document_media_IRDAIDocumentMediaPortlet&p_p_lifecycle=0&p_p_state=normal&p_p_mode=view&_com_irdai_document_media_IRDAIDocumentMediaPortlet_delta=20&_com_irdai_document_media_IRDAIDocumentMediaPortlet_resetCur=false&_com_irdai_document_media_IRDAIDocumentMediaPortlet_cur=9,IRDA(Investment)Amendment Regulations~2004.pdf,1.0,1631530840,2026-08-02 09:25:59,1803.7,654c6f2c21570987600863ee8b27ee4f,false
IRDA_Registration_of_Indian_Insurance_Companies_Amendment_Reg_2000.pdf,Regulation,gold,https://irdai.gov.in/documents/37343/366405/IRDA%28Registration+of+Indian+Insurance+Companies+%29+%28Amendment%29+Reg%7E2000.pdf/cead9aad-e860-886b-5491-ef6c6d161d90?version=1.0&t=1631531823448&download=true,https://irdai.gov.in/consolidated-gazette-notified-regulations?p_p_id=com_irdai_document_media_IRDAIDocumentMediaPortlet&p_p_lifecycle=0&p_p_state=normal&p_p_mode=view&_com_irdai_document_media_IRDAIDocumentMediaPortlet_delta=20&_com_irdai_document_media_IRDAIDocumentMediaPortlet_resetCur=false&_com_irdai_document_media_IRDAIDocumentMediaPortlet_cur=9,IRDA(Registration of Indian Insurance Companies ) (Amendment) Reg~2000.pdf,1.0,1631531823,2026-08-02 09:26:01,273.7,cc4e4d9dfc28702a8ad69f0647564767,false
IRDA_Distribution_of_Surplus_Regulations_2002.pdf,Regulation,gold,https://irdai.gov.in/documents/37343/366405/IRDA+%28Distribution+of+Surplus%29+Regulations%2C+2002.pdf/696652b8-f932-3a77-77a9-b1fee8b76e39?version=1.0&t=1631531993127&download=true,https://irdai.gov.in/consolidated-gazette-notified-regulations?p_p_id=com_irdai_document_media_IRDAIDocumentMediaPortlet&p_p_lifecycle=0&p_p_state=normal&p_p_mode=view&_com_irdai_document_media_IRDAIDocumentMediaPortlet_delta=20&_com_irdai_document_media_IRDAIDocumentMediaPortlet_resetCur=false&_com_irdai_document_media_IRDAIDocumentMediaPortlet_cur=9,"IRDA (Distribution of Surplus) Regulations, 2002.pdf",1.0,1631531993,2026-08-02 09:26:03,227.2,fe5fdcc87f99922a1e7e0a04160ff7e1,true
IRDA_Licensing_of_Corporate_Agents_Regulations_2002.pdf,Regulation,gold,https://irdai.gov.in/documents/37343/366405/IRDA+%28Licensing+of+Corporate+Agents%29+Regulations+2002.pdf/e7a11783-3f8d-04e7-a42a-a73c2b8a3a45?version=2.1&t=1639050003618&download=true,https://irdai.gov.in/consolidated-gazette-notified-regulations?p_p_id=com_irdai_document_media_IRDAIDocumentMediaPortlet&p_p_lifecycle=0&p_p_state=normal&p_p_mode=view&_com_irdai_document_media_IRDAIDocumentMediaPortlet_delta=20&_com_irdai_document_media_IRDAIDocumentMediaPortlet_resetCur=false&_com_irdai_document_media_IRDAIDocumentMediaPortlet_cur=9,IRDA (Licensing of Corporate Agents) Regulations 2002.pdf,2.1,1639050003,2026-08-02 09:26:05,2231.4,744ca03f9d932fb6679d3cc11187d083,false
IRDA_Protection_of_Policyholders_Interests_Amendment_Regulations_2002.pdf,Regulation,gold,https://irdai.gov.in/documents/37343/366405/IRDA+%28Protection+of+Policyholders+Interests%29+%28Amendment%29+Regulations%2C+2002.pdf/589f9663-54ea-1570-c245-4b89a01136de?version=2.0&t=1638775982568&download=true,https://irdai.gov.in/consolidated-gazette-notified-regulations?p_p_id=com_irdai_document_media_IRDAIDocumentMediaPortlet&p_p_lifecycle=0&p_p_state=normal&p_p_mode=view&_com_irdai_document_media_IRDAIDocumentMediaPortlet_delta=20&_com_irdai_document_media_IRDAIDocumentMediaPortlet_resetCur=false&_com_irdai_document_media_IRDAIDocumentMediaPortlet_cur=9,"IRDA (Protection of Policyholders Interests) (Amendment) Regulations, 2002.pdf",2.0,1638775982,2026-08-02 09:26:09,162.2,ac25e87f376343ba952b09526b065a67,false
IRDA_Obligations_of_Insurers_to_Rural_Social_Sectors_Regulations_2002.pdf,Regulation,gold,https://irdai.gov.in/documents/37343/366405/IRDA+%28Obligations+of+Insurers+to+Rural+Social+Sectors%29+Regulations%2C+2002.pdf/d4a731ff-8876-ff8b-5612-1a02009072fe?version=2.0&t=1638775379752&download=true,https://irdai.gov.in/consolidated-gazette-notified-regulations?p_p_id=com_irdai_document_media_IRDAIDocumentMediaPortlet&p_p_lifecycle=0&p_p_state=normal&p_p_mode=view&_com_irdai_document_media_IRDAIDocumentMediaPortlet_delta=20&_com_irdai_document_media_IRDAIDocumentMediaPortlet_resetCur=false&_com_irdai_document_media_IRDAIDocumentMediaPortlet_cur=9,"IRDA (Obligations of Insurers to Rural Social Sectors) Regulations, 2002.pdf",2.0,1638775379,2026-08-02 09:26:11,300.1,2b3824f5897dc3affaffcfbe2d1b7a67,false
IRDA_Protection_of_Policyholders_Interest_Regulations_2002.pdf,Regulation,gold,https://irdai.gov.in/documents/37343/366405/IRDA+%28Protection+of+Policyholders%7E+Interest%29+Regulations%2C+2002.pdf/c6f63c82-ec91-e05f-e2c9-ec8f1701e109?version=2.0&t=1638770841560&download=true,https://irdai.gov.in/consolidated-gazette-notified-regulations?p_p_id=com_irdai_document_media_IRDAIDocumentMediaPortlet&p_p_lifecycle=0&p_p_state=normal&p_p_mode=view&_com_irdai_document_media_IRDAIDocumentMediaPortlet_delta=20&_com_irdai_document_media_IRDAIDocumentMediaPortlet_resetCur=false&_com_irdai_document_media_IRDAIDocumentMediaPortlet_cur=9,"IRDA (Protection of Policyholders~ Interest) Regulations, 2002.pdf",2.0,1638770841,2026-08-02 09:26:15,1081.1,8247f8b3f739f72e4d39d1c672805b6f,false
IRDA_Investment_Amendment_Regulations_2002.pdf,Regulation,gold,https://irdai.gov.in/documents/37343/366405/IRDA+%28Investment%29+%28Amendment%29+Regulations%2C+2002.pdf/4c42e157-c455-88d1-12e8-41e8b61b1f30?version=1.0&t=1631531826529&download=true,https://irdai.gov.in/consolidated-gazette-notified-regulations?p_p_id=com_irdai_document_media_IRDAIDocumentMediaPortlet&p_p_lifecycle=0&p_p_state=normal&p_p_mode=view&_com_irdai_document_media_IRDAIDocumentMediaPortlet_delta=20&_com_irdai_document_media_IRDAIDocumentMediaPortlet_resetCur=false&_com_irdai_document_media_IRDAIDocumentMediaPortlet_cur=9,"IRDA (Investment) (Amendment) Regulations, 2002.pdf",1.0,1631531826,2026-08-02 09:26:17,261.2,556998b980b302ded608a87673c7bef8,false
IRDA_Re-insurance_Advisory_Committee_Regulation_2001.pdf,Regulation,gold,https://irdai.gov.in/documents/37343/366405/IRDA%28Re-insurance+Advisory+Committee%29+Regulation%7E+2001.pdf/6bd16069-9b1c-2f19-b278-2fada32b18b9?version=1.4&t=1640595371639&download=true,https://irdai.gov.in/consolidated-gazette-notified-regulations?p_p_id=com_irdai_document_media_IRDAIDocumentMediaPortlet&p_p_lifecycle=0&p_p_state=normal&p_p_mode=view&_com_irdai_document_media_IRDAIDocumentMediaPortlet_delta=20&_com_irdai_document_media_IRDAIDocumentMediaPortlet_resetCur=false&_com_irdai_document_media_IRDAIDocumentMediaPortlet_cur=9,IRDA(Re-insurance Advisory Committee) Regulation~ 2001.pdf,1.4,1640595371,2026-08-02 09:26:19,342.8,12639ae7eff4e1db483c40304ec965ad,false
IRDA_Third_Party_Administrators_-_Health_Services_Regulations_2001.pdf,Regulation,gold,https://irdai.gov.in/documents/37343/366405/IRDA+%28Third+Party+Administrators+-+Health+Services%29+Regulations%2C+2001.pdf/70f6816f-5fc8-fa0c-e07a-9fef82a388c3?version=1.1&t=1637840397797&download=true,https://irdai.gov.in/consolidated-gazette-notified-regulations?p_p_id=com_irdai_document_media_IRDAIDocumentMediaPortlet&p_p_lifecycle=0&p_p_state=normal&p_p_mode=view&_com_irdai_document_media_IRDAIDocumentMediaPortlet_delta=20&_com_irdai_document_media_IRDAIDocumentMediaPortlet_resetCur=false&_com_irdai_document_media_IRDAIDocumentMediaPortlet_cur=9,"IRDA (Third Party Administrators - Health Services) Regulations, 2001.pdf",1.1,1637840397,2026-08-02 09:26:22,1986.1,7075cb6caeb329269ebaa5113fbb8a06,false
IRDA_Investment_Amendment_Regulations_2001.pdf,Regulation,gold,https://irdai.gov.in/documents/37343/366405/IRDA+%28Investment%29+%28Amendment%29+Regulations%2C+2001.pdf/2212f25e-d7f3-1bf0-aad2-db5e543784d1?version=2.0&t=1638771142339&download=true,https://irdai.gov.in/consolidated-gazette-notified-regulations?p_p_id=com_irdai_document_media_IRDAIDocumentMediaPortlet&p_p_lifecycle=0&p_p_state=normal&p_p_mode=view&_com_irdai_document_media_IRDAIDocumentMediaPortlet_delta=20&_com_irdai_document_media_IRDAIDocumentMediaPortlet_resetCur=false&_com_irdai_document_media_IRDAIDocumentMediaPortlet_cur=9,"IRDA (Investment) (Amendment) Regulations, 2001.pdf",2.0,1638771142,2026-08-02 09:26:24,1588.2,7ee60d50cf2426e6ccb2c4500b363a2e,false
IRDA_Life_Insurance_-_Reinsurance_Regulations_2000.pdf,Regulation,gold,https://irdai.gov.in/documents/37343/366405/IRDA+%28Life+Insurance+-+Reinsurance%29+Regulations%2C+2000.pdf/9e80e9de-fbeb-4fb8-3bc1-8fa4e001a6a5?version=2.0&t=1638776515796&download=true,https://irdai.gov.in/consolidated-gazette-notified-regulations?p_p_id=com_irdai_document_media_IRDAIDocumentMediaPortlet&p_p_lifecycle=0&p_p_state=normal&p_p_mode=view&_com_irdai_document_media_IRDAIDocumentMediaPortlet_delta=20&_com_irdai_document_media_IRDAIDocumentMediaPortlet_resetCur=false&_com_irdai_document_media_IRDAIDocumentMediaPortlet_cur=9,"IRDA (Life Insurance - Reinsurance) Regulations, 2000.pdf",2.0,1638776515,2026-08-02 09:26:26,289.3,f5ca654d62d0907a97de669ae44d2baa,false
Insurance_Surveyors_and_Loss_Assessors_Licensing_Professional_Requirement.pdf,Regulation,gold,https://irdai.gov.in/documents/37343/366405/Insurance+Surveyors+and+Loss+Assessors+%28Licensing%2C+Professional+Requirement.pdf/fb539800-6f6b-5d08-2678-6ddcf76fd433?version=2.0&t=1638776413145&download=true,https://irdai.gov.in/consolidated-gazette-notified-regulations?p_p_id=com_irdai_document_media_IRDAIDocumentMediaPortlet&p_p_lifecycle=0&p_p_state=normal&p_p_mode=view&_com_irdai_document_media_IRDAIDocumentMediaPortlet_delta=20&_com_irdai_document_media_IRDAIDocumentMediaPortlet_resetCur=false&_com_irdai_document_media_IRDAIDocumentMediaPortlet_cur=9,"Insurance Surveyors and Loss Assessors (Licensing, Professional Requirement.pdf",2.0,1638776413,2026-08-02 09:26:29,3460.2,f56c8168d48bb0b566fa199027f16ac6,false
_Conditions_of_Service_of_Officers_and_Other_Employees_Regulations_2000.pdf,Regulation,gold,https://irdai.gov.in/documents/37343/366405/%28Conditions+of+Service+of+Officers+and+Other+Employees%29+Regulations%2C+2000.pdf/8c0c813f-e361-e020-7b1a-2c8bd241f4d1?version=1.2&t=1638243614039&download=true,https://irdai.gov.in/consolidated-gazette-notified-regulations?p_p_id=com_irdai_document_media_IRDAIDocumentMediaPortlet&p_p_lifecycle=0&p_p_state=normal&p_p_mode=view&_com_irdai_document_media_IRDAIDocumentMediaPortlet_delta=20&_com_irdai_document_media_IRDAIDocumentMediaPortlet_resetCur=false&_com_irdai_document_media_IRDAIDocumentMediaPortlet_cur=10,"(Conditions of Service of Officers and Other Employees) Regulations, 2000.pdf",1.2,1638243614,2026-08-02 09:26:32,3093.4,5c35a5c383cdd339e6943ed79f866a4c,false
IRDA_Investment_Regulations_2000.pdf,Regulation,gold,https://irdai.gov.in/documents/37343/366405/IRDA+%28Investment%29+Regulations%2C+2000.pdf/47a782ff-5be1-6c9c-28a9-3a817b82db89?version=2.0&t=1638775012756&download=true,https://irdai.gov.in/consolidated-gazette-notified-regulations?p_p_id=com_irdai_document_media_IRDAIDocumentMediaPortlet&p_p_lifecycle=0&p_p_state=normal&p_p_mode=view&_com_irdai_document_media_IRDAIDocumentMediaPortlet_delta=20&_com_irdai_document_media_IRDAIDocumentMediaPortlet_resetCur=false&_com_irdai_document_media_IRDAIDocumentMediaPortlet_cur=10,"IRDA (Investment) Regulations, 2000.pdf",2.0,1638775012,2026-08-02 09:26:34,1198.3,b2858fccbddce66535271f7e6b427cea,false
IRDA_Obligations_of_Insurers_to_Social_sector_Regulations_2000.pdf,Regulation,gold,https://irdai.gov.in/documents/37343/366405/IRDA%28+Obligations+of+Insurers+to+Social+sector%29+Regulations%7E+2000.pdf/e6320cc7-e4f7-e46f-61b4-c42597325e97?version=2.0&t=1638774434797&download=true,https://irdai.gov.in/consolidated-gazette-notified-regulations?p_p_id=com_irdai_document_media_IRDAIDocumentMediaPortlet&p_p_lifecycle=0&p_p_state=normal&p_p_mode=view&_com_irdai_document_media_IRDAIDocumentMediaPortlet_delta=20&_com_irdai_document_media_IRDAIDocumentMediaPortlet_resetCur=false&_com_irdai_document_media_IRDAIDocumentMediaPortlet_cur=10,IRDA( Obligations of Insurers to Social sector) Regulations~ 2000.pdf,2.0,1638774434,2026-08-02 09:26:38,187.1,3ae0b890db369d80434cd3bdc48be8dd,false
IRDA_Meetings_Regulations_2000.pdf,Regulation,gold,https://irdai.gov.in/documents/37343/366405/IRDA+Meetings+Regulations+2000.pdf/2d9e3772-b3b5-a676-eb56-30273c10b3e7?version=1.6&t=1665133374854&download=true,https://irdai.gov.in/consolidated-gazette-notified-regulations?p_p_id=com_irdai_document_media_IRDAIDocumentMediaPortlet&p_p_lifecycle=0&p_p_state=normal&p_p_mode=view&_com_irdai_document_media_IRDAIDocumentMediaPortlet_delta=20&_com_irdai_document_media_IRDAIDocumentMediaPortlet_resetCur=false&_com_irdai_document_media_IRDAIDocumentMediaPortlet_cur=10,IRDA Meetings Regulations 2000.pdf,1.6,1665133374,2026-08-02 09:26:40,402.2,7963a26388e203be5003535cbb88ab59,false
The_Insurance_Advisory_Committee_Meetings_Regulations_2000.pdf,Regulation,gold,https://irdai.gov.in/documents/37343/366405/The+Insurance+Advisory+Committee+%28Meetings%29+Regulations%2C+2000.pdf/319b06b1-c89a-1141-d546-f5a7725bac58?version=2.1&t=1645412805964&download=true,https://irdai.gov.in/consolidated-gazette-notified-regulations?p_p_id=com_irdai_document_media_IRDAIDocumentMediaPortlet&p_p_lifecycle=0&p_p_state=normal&p_p_mode=view&_com_irdai_document_media_IRDAIDocumentMediaPortlet_delta=20&_com_irdai_document_media_IRDAIDocumentMediaPortlet_resetCur=false&_com_irdai_document_media_IRDAIDocumentMediaPortlet_cur=10,"The Insurance Advisory Committee (Meetings) Regulations, 2000.pdf",2.1,1645412805,2026-08-02 09:26:42,466.2,88c9b273e884c726924b4e81b1651fc1,false
IRDA_Appointed_Actuary_Regulations_2000.pdf,Regulation,gold,https://irdai.gov.in/documents/37343/366405/IRDA+%28Appointed+Actuary%29+Regulations%2C+2000.pdf/8255c943-ee5d-3daa-02fe-ab4ac6413a0e?version=2.0&t=1638771439156&download=true,https://irdai.gov.in/consolidated-gazette-notified-regulations?p_p_id=com_irdai_document_media_IRDAIDocumentMediaPortlet&p_p_lifecycle=0&p_p_state=normal&p_p_mode=view&_com_irdai_document_media_IRDAIDocumentMediaPortlet_delta=20&_com_irdai_document_media_IRDAIDocumentMediaPortlet_resetCur=false&_com_irdai_document_media_IRDAIDocumentMediaPortlet_cur=10,"IRDA (Appointed Actuary) Regulations, 2000.pdf",2.0,1638771439,2026-08-02 09:26:45,717.2,e1efb290cca656be3d6f361aa88d5f33,false
IRDA_Actuarial_Report_and_Abstract_Regulations_2000.pdf,Regulation,gold,https://irdai.gov.in/documents/37343/366405/IRDA+%28Actuarial+Report+and+Abstract%29+Regulations%2C+2000.pdf/6bc51dd6-8f95-f841-df6a-01a95f6f261c?version=1.1&t=1637215612372&download=true,https://irdai.gov.in/consolidated-gazette-notified-regulations?p_p_id=com_irdai_document_media_IRDAIDocumentMediaPortlet&p_p_lifecycle=0&p_p_state=normal&p_p_mode=view&_com_irdai_document_media_IRDAIDocumentMediaPortlet_delta=20&_com_irdai_document_media_IRDAIDocumentMediaPortlet_resetCur=false&_com_irdai_document_media_IRDAIDocumentMediaPortlet_cur=10,"IRDA (Actuarial Report and Abstract) Regulations, 2000.pdf",1.1,1637215612,2026-08-02 09:26:48,3099.5,7290a388681f20b14cf65a1197c9a8ce,false
IRDA_Licensing_of_Insurance_Agents_Regulations_2000.pdf,Regulation,gold,https://irdai.gov.in/documents/37343/366405/IRDA+%28Licensing+of+Insurance+Agents%29+Regulations%2C+2000.pdf/5e292f37-6b47-ceea-d324-fd0c0c82bd9f?version=2.0&t=1638772185058&download=true,https://irdai.gov.in/consolidated-gazette-notified-regulations?p_p_id=com_irdai_document_media_IRDAIDocumentMediaPortlet&p_p_lifecycle=0&p_p_state=normal&p_p_mode=view&_com_irdai_document_media_IRDAIDocumentMediaPortlet_delta=20&_com_irdai_document_media_IRDAIDocumentMediaPortlet_resetCur=false&_com_irdai_document_media_IRDAIDocumentMediaPortlet_cur=10,"IRDA (Licensing of Insurance Agents) Regulations, 2000.pdf",2.0,1638772185,2026-08-02 09:26:50,1096.1,f883f9383ce01cc4de3131a83a821a59,false
IRDA_Assets_Liabilities_and_Solvency_Margins_of_Insurers_Regulations_2000.pdf,Regulation,gold,https://irdai.gov.in/documents/37343/366405/IRDA%28Assets%2CLiabilities+and+Solvency+Margins+of+Insurers%29Regulations%2C2000.pdf/84830202-de23-9536-fb93-aae8a616253e?version=2.0&t=1638774308991&download=true,https://irdai.gov.in/consolidated-gazette-notified-regulations?p_p_id=com_irdai_document_media_IRDAIDocumentMediaPortlet&p_p_lifecycle=0&p_p_state=normal&p_p_mode=view&_com_irdai_document_media_IRDAIDocumentMediaPortlet_delta=20&_com_irdai_document_media_IRDAIDocumentMediaPortlet_resetCur=false&_com_irdai_document_media_IRDAIDocumentMediaPortlet_cur=10,"IRDA(Assets,Liabilities and Solvency Margins of Insurers)Regulations,2000.pdf",2.0,1638774308,2026-08-02 09:26:53,1124.6,a1f7fb78b442dcf5959031fb6d0145b4,false
_General_Insurance_--_Reinsurance_Regulations_2000.pdf,Regulation,gold,https://irdai.gov.in/documents/37343/366405/%28General+Insurance+--+Reinsurance%29+Regulations+2000.pdf/7b575624-867a-4250-2253-f1e4c8513609?version=2.0&t=1638774457352&download=true,https://irdai.gov.in/consolidated-gazette-notified-regulations?p_p_id=com_irdai_document_media_IRDAIDocumentMediaPortlet&p_p_lifecycle=0&p_p_state=normal&p_p_mode=view&_com_irdai_document_media_IRDAIDocumentMediaPortlet_delta=20&_com_irdai_document_media_IRDAIDocumentMediaPortlet_resetCur=false&_com_irdai_document_media_IRDAIDocumentMediaPortlet_cur=10,(General Insurance -- Reinsurance) Regulations 2000.pdf,2.0,1638774457,2026-08-02 09:26:55,336.3,b30698f238ec379c4c6f23a919fa0e1a,false
IRDA_Registration_of_Indian_Insurance_Companies_Regulations_2000.pdf,Regulation,gold,https://irdai.gov.in/documents/37343/366405/IRDA+%28Registration+of+Indian+Insurance+Companies%29+Regulations+2000.pdf/d0bb9419-3979-5819-7a49-d58e9fbc6e94?version=2.0&t=1638774628117&download=true,https://irdai.gov.in/consolidated-gazette-notified-regulations?p_p_id=com_irdai_document_media_IRDAIDocumentMediaPortlet&p_p_lifecycle=0&p_p_state=normal&p_p_mode=view&_com_irdai_document_media_IRDAIDocumentMediaPortlet_delta=20&_com_irdai_document_media_IRDAIDocumentMediaPortlet_resetCur=false&_com_irdai_document_media_IRDAIDocumentMediaPortlet_cur=10,IRDA (Registration of Indian Insurance Companies) Regulations 2000.pdf,2.0,1638774628,2026-08-02 09:26:57,2355.4,012af0caf74617422388e53e39648177,false
IRDA_Insurance_Advertisements_and_Disclosure_Regulations_2000.pdf,Regulation,gold,https://irdai.gov.in/documents/37343/366405/IRDA+%28Insurance+Advertisements+and+Disclosure%29+Regulations%2C+2000.pdf/965972d1-7fb5-d299-698b-09f72c8599d6?version=2.1&t=1665133378345&download=true,https://irdai.gov.in/consolidated-gazette-notified-regulations?p_p_id=com_irdai_document_media_IRDAIDocumentMediaPortlet&p_p_lifecycle=0&p_p_state=normal&p_p_mode=view&_com_irdai_document_media_IRDAIDocumentMediaPortlet_delta=20&_com_irdai_document_media_IRDAIDocumentMediaPortlet_resetCur=false&_com_irdai_document_media_IRDAIDocumentMediaPortlet_cur=10,"IRDA (Insurance Advertisements and Disclosure) Regulations, 2000.pdf",2.1,1665133378,2026-08-02 09:26:59,561.7,ad5e0a61561588a9472a64bf85f6f34f,false
Insurance_Advisory_Committee_Amendments_2000.pdf,Regulation,gold,https://irdai.gov.in/documents/37343/366405/Insurance+Advisory+Committee+%28Amendments%29%2C+2000.pdf/c9e71aa4-b2ec-6c6b-8802-c49d528a55b9?version=1.2&t=1638432839605&download=true,https://irdai.gov.in/consolidated-gazette-notified-regulations?p_p_id=com_irdai_document_media_IRDAIDocumentMediaPortlet&p_p_lifecycle=0&p_p_state=normal&p_p_mode=view&_com_irdai_document_media_IRDAIDocumentMediaPortlet_delta=20&_com_irdai_document_media_IRDAIDocumentMediaPortlet_resetCur=false&_com_irdai_document_media_IRDAIDocumentMediaPortlet_cur=10,"Insurance Advisory Committee (Amendments), 2000.pdf",1.2,1638432839,2026-08-02 09:27:06,8254.7,e6acdc60610e267b812eb7340bcafd20,false
Insurance_Regulatory_and_Development_Authority_of_India_Investment_Regulations_2016.pdf,Regulation,gold,https://irdai.gov.in/documents/37343/602265/Insurance+Regulatory+and+Development+Authority+of+India+%28Investment%29+Regulations%2C+2016.pdf/18fd653b-df59-5a08-5cfb-f2b06c31761b?version=1.3&t=1665253920935&download=true,https://irdai.gov.in/updated-regulations?p_p_id=com_irdai_document_media_IRDAIDocumentMediaPortlet&p_p_lifecycle=0&p_p_state=normal&p_p_mode=view&_com_irdai_document_media_IRDAIDocumentMediaPortlet_delta=20&_com_irdai_document_media_IRDAIDocumentMediaPortlet_resetCur=false&_com_irdai_document_media_IRDAIDocumentMediaPortlet_cur=2,"Insurance Regulatory and Development Authority of India (Investment) Regulations, 2016.pdf",1.3,1665253920,2026-08-02 09:27:08,1195.6,8de8c5bc7ee15206efc52d6f1b519c20,false
Insurance_Regulatory_and_Development_Authority_of_India_Expenses_of_Management_of_Insurers_Transacting_Life_Insurance_Business_Regulations_2016.pdf,Regulation,gold,https://irdai.gov.in/documents/37343/602265/Insurance+Regulatory+and+Development+Authority+of+India+%28Expenses+of+Management+of+Insurers+Transacting+Life+Insurance+Business%29+Regulations%2C+2016.pdf/5bc9bb01-a597-610e-dfb4-bf0a9b49bbd7?version=1.3&t=1665253493535&download=true,https://irdai.gov.in/updated-regulations?p_p_id=com_irdai_document_media_IRDAIDocumentMediaPortlet&p_p_lifecycle=0&p_p_state=normal&p_p_mode=view&_com_irdai_document_media_IRDAIDocumentMediaPortlet_delta=20&_com_irdai_document_media_IRDAIDocumentMediaPortlet_resetCur=false&_com_irdai_document_media_IRDAIDocumentMediaPortlet_cur=2,"Insurance Regulatory and Development Authority of India (Expenses of Management of Insurers Transacting Life Insurance Business) Regulations, 2016.pdf",1.3,1665253493,2026-08-02 09:27:11,1425.6,3bd3751318d0ae18b2acbc30c48b2f3f,false
Insurance_Regulatory_and_Development_Authority_of_India_Loans_or_Temporary_Advances_to_Full_Time_employees_of_the_Insurers_Regulations_2016.pdf,Regulation,gold,https://irdai.gov.in/documents/37343/602265/Insurance+Regulatory+and+Development+Authority+of+India+%28Loans+or+Temporary+Advances+to+Full+Time+employees+of+the+Insurers%29+Regulations%2C+2016.pdf/79a4595d-ff2f-5677-2e44-1669f176e6ed?version=1.3&t=1665254122087&download=true,https://irdai.gov.in/updated-regulations?p_p_id=com_irdai_document_media_IRDAIDocumentMediaPortlet&p_p_lifecycle=0&p_p_state=normal&p_p_mode=view&_com_irdai_document_media_IRDAIDocumentMediaPortlet_delta=20&_com_irdai_document_media_IRDAIDocumentMediaPortlet_resetCur=false&_com_irdai_document_media_IRDAIDocumentMediaPortlet_cur=2,"Insurance Regulatory and Development Authority of India (Loans or Temporary Advances to Full Time employees of the Insurers) Regulations, 2016.pdf",1.3,1665254122,2026-08-02 09:27:13,332.0,0b66fd6b97197aae4e499bafbc931d42,false
Insurance_Regulatory_and_Development_Authority_of_India_Expenses_of_Management_of_Insurers_Transacting_General_or_Health_Insurance_Business_Regulations_2016.pdf,Regulation,gold,https://irdai.gov.in/documents/37343/602265/Insurance+Regulatory+and+Development+Authority+of+India+%28Expenses+of+Management+of+Insurers+Transacting+General+or+Health+Insurance+Business%29+Regulations%2C+2016.pdf/1fa3be89-6ff5-c76d-8716-e710081706bc?version=1.3&t=1665253401628&download=true,https://irdai.gov.in/updated-regulations?p_p_id=com_irdai_document_media_IRDAIDocumentMediaPortlet&p_p_lifecycle=0&p_p_state=normal&p_p_mode=view&_com_irdai_document_media_IRDAIDocumentMediaPortlet_delta=20&_com_irdai_document_media_IRDAIDocumentMediaPortlet_resetCur=false&_com_irdai_document_media_IRDAIDocumentMediaPortlet_cur=2,"Insurance Regulatory and Development Authority of India (Expenses of Management of Insurers Transacting General or Health Insurance Business) Regulations, 2016.pdf",1.3,1665253401,2026-08-02 09:27:15,1285.1,b599a4f18fd5bbd9ea6e9105fdb89790,false
Insurance_Regulatory_and_Development_Authority_of_India_Other_Forms_of_Capital_Regulations_2015.pdf,Regulation,gold,https://irdai.gov.in/documents/37343/602265/Insurance+Regulatory+and+Development+Authority+of+India+%28Other+Forms+of+Capital%29+Regulations%2C+2015.pdf/f762621d-b4ef-7d3f-6c6c-ad98dc8f1a93?version=1.3&t=1665254253003&download=true,https://irdai.gov.in/updated-regulations?p_p_id=com_irdai_document_media_IRDAIDocumentMediaPortlet&p_p_lifecycle=0&p_p_state=normal&p_p_mode=view&_com_irdai_document_media_IRDAIDocumentMediaPortlet_delta=20&_com_irdai_document_media_IRDAIDocumentMediaPortlet_resetCur=false&_com_irdai_document_media_IRDAIDocumentMediaPortlet_cur=2,"Insurance Regulatory and Development Authority of India (Other Forms of Capital) Regulations, 2015.pdf",1.3,1665254253,2026-08-02 09:27:17,164.3,1e54232f9a4ea84bb47453716cee1ca6,false
Insurance_Regulatory_and_Development_Authority_of_India_Transfer_of_Equity_Shares_of_Insurance_Companies_Regulations_2015.pdf,Regulation,gold,https://irdai.gov.in/documents/37343/602265/Insurance+Regulatory+and+Development+Authority+of+India+%28Transfer+of+Equity+Shares+of+Insurance+Companies%29+Regulations%2C+2015.pdf/c246744d-b565-6f44-e6e3-fb73884c6931?version=1.3&t=1665254427223&download=true,https://irdai.gov.in/updated-regulations?p_p_id=com_irdai_document_media_IRDAIDocumentMediaPortlet&p_p_lifecycle=0&p_p_state=normal&p_p_mode=view&_com_irdai_document_media_IRDAIDocumentMediaPortlet_delta=20&_com_irdai_document_media_IRDAIDocumentMediaPortlet_resetCur=false&_com_irdai_document_media_IRDAIDocumentMediaPortlet_cur=2,"Insurance Regulatory and Development Authority of India (Transfer of Equity Shares of Insurance Companies) Regulations, 2015.pdf",1.3,1665254427,2026-08-02 09:27:29,17540.0,830c5ac2834c47d4e2f5e0072e2bc0c4,false
Insurance_Regulatory_and_Development_Authority_of_India_Issuance_of_Capital_by_Indian_Insurance_Companies_Transacting_Life_Insurance_Business_Regulations_2015.pdf,Regulation,gold,https://irdai.gov.in/documents/37343/602265/Insurance+Regulatory+and+Development+Authority+of+India+%28Issuance+of+Capital+by+Indian+Insurance+Companies+Transacting+Life+Insurance+Business%29+Regulations%2C+2015.pdf/11f53598-4f48-afeb-27e0-f187f63f5852?version=1.4&t=1665252843199&download=true,https://irdai.gov.in/updated-regulations?p_p_id=com_irdai_document_media_IRDAIDocumentMediaPortlet&p_p_lifecycle=0&p_p_state=normal&p_p_mode=view&_com_irdai_document_media_IRDAIDocumentMediaPortlet_delta=20&_com_irdai_document_media_IRDAIDocumentMediaPortlet_resetCur=false&_com_irdai_document_media_IRDAIDocumentMediaPortlet_cur=2,"Insurance Regulatory and Development Authority of India (Issuance of Capital by Indian Insurance Companies Transacting Life Insurance Business) Regulations, 2015.pdf",1.4,1665252843,2026-08-02 09:27:31,2318.8,946f4fa51153c7eed004850d81889b72,false
Insurance_Regulatory_and_Development_Authority_of_India_Issuance_of_Capital_by_Indian_Insurnce_Companies_Transacting_other_than_Life_Insurance_Business_Regulations_2015.pdf,Regulation,gold,https://irdai.gov.in/documents/37343/602265/Insurance+Regulatory+and+Development+Authority+of+India+%28Issuance+of+Capital+by+Indian+Insurnce+Companies+Transacting+other+than+Life+Insurance+Business%29+Regulations%2C+2015.pdf/335b9792-e268-a59d-f852-e35cdd8a392c?version=1.3&t=1665253970890&download=true,https://irdai.gov.in/updated-regulations?p_p_id=com_irdai_document_media_IRDAIDocumentMediaPortlet&p_p_lifecycle=0&p_p_state=normal&p_p_mode=view&_com_irdai_document_media_IRDAIDocumentMediaPortlet_delta=20&_com_irdai_document_media_IRDAIDocumentMediaPortlet_resetCur=false&_com_irdai_document_media_IRDAIDocumentMediaPortlet_cur=2,"Insurance Regulatory and Development Authority of India (Issuance of Capital by Indian Insurnce Companies Transacting other than Life Insurance Business) Regulations, 2015.pdf",1.3,1665253970,2026-08-02 09:27:34,2590.6,f05683c4b6609cb582cfc02fd337dbff,false
Insurance_Regulatory_and_Development_Authority_Scheme_of_Amalgamation_and_Transfer_of_Life_Insurance_Business_Regulations_2013.pdf,Regulation,gold,https://irdai.gov.in/documents/37343/602265/Insurance+Regulatory+and+Development+Authority+%28Scheme+of+Amalgamation+and+Transfer+of+Life+Insurance+Business%29+Regulations%2C+2013.pdf/24430ae2-549e-62b7-38de-b59c6036e8e0?version=1.3&t=1665253238690&download=true,https://irdai.gov.in/updated-regulations?p_p_id=com_irdai_document_media_IRDAIDocumentMediaPortlet&p_p_lifecycle=0&p_p_state=normal&p_p_mode=view&_com_irdai_document_media_IRDAIDocumentMediaPortlet_delta=20&_com_irdai_document_media_IRDAIDocumentMediaPortlet_resetCur=false&_com_irdai_document_media_IRDAIDocumentMediaPortlet_cur=2,"Insurance Regulatory and Development Authority (Scheme of Amalgamation and Transfer of Life Insurance Business) Regulations, 2013.pdf",1.3,1665253238,2026-08-02 09:27:37,899.0,b02a9e1c956311e0171361b17903f24a,false
Insurance_Regulatory_and_Development_Authority_Scheme_of_Amalgamation_and_Transfer_of_General_Insurance_Business_Regulations_2011.pdf,Regulation,gold,https://irdai.gov.in/documents/37343/602265/Insurance+Regulatory+and+Development+Authority+%28Scheme+of+Amalgamation+and+Transfer+of+General+Insurance+Business%29+Regulations%2C+2011.pdf/c57ea7cf-1ca6-2ccf-3231-a212d28e764b?version=1.3&t=1665253179541&download=true,https://irdai.gov.in/updated-regulations?p_p_id=com_irdai_document_media_IRDAIDocumentMediaPortlet&p_p_lifecycle=0&p_p_state=normal&p_p_mode=view&_com_irdai_document_media_IRDAIDocumentMediaPortlet_delta=20&_com_irdai_document_media_IRDAIDocumentMediaPortlet_resetCur=false&_com_irdai_document_media_IRDAIDocumentMediaPortlet_cur=2,"Insurance Regulatory and Development Authority (Scheme of Amalgamation and Transfer of General Insurance Business) Regulations, 2011.pdf",1.3,1665253179,2026-08-02 09:27:39,2092.3,4b1085120e21bc999ef9c28dd254e7cc,false
Insurance_Regulatory_and_Development_Authority_Preparation_of_Financial_Statements_and_Auditor_s_Report_of_Insurance_Companies_Regulations_2002.pdf,Regulation,gold,https://irdai.gov.in/documents/37343/602265/Insurance+Regulatory+and+Development+Authority+%28Preparation+of+Financial+Statements+and+Auditor%27s+Report+of+Insurance+Companies%29%2C+Regulations%2C+2002.pdf/6a3a1377-55a7-d4aa-84bc-6f9d4d56c789?version=1.3&t=1665253023322&download=true,https://irdai.gov.in/updated-regulations?p_p_id=com_irdai_document_media_IRDAIDocumentMediaPortlet&p_p_lifecycle=0&p_p_state=normal&p_p_mode=view&_com_irdai_document_media_IRDAIDocumentMediaPortlet_delta=20&_com_irdai_document_media_IRDAIDocumentMediaPortlet_resetCur=false&_com_irdai_document_media_IRDAIDocumentMediaPortlet_cur=2,"Insurance Regulatory and Development Authority (Preparation of Financial Statements and Auditor's Report of Insurance Companies), Regulations, 2002.pdf",1.3,1665253023,2026-08-02 09:27:42,3655.6,5fda2cdd6dce1663d5f5451f6e596ebd,false
Insurance_Regulatory_and_Development_Authority_of_India_Insurance_Services_by_Common_Public_Service_Centers_Regulations_2019.pdf,Regulation,gold,https://irdai.gov.in/documents/37343/602265/Insurance+Regulatory+and+Development+Authority+of+India+%28Insurance+Services+by+Common+Public+Service+Centers%29+Regulations%2C+2019.pdf/a82ac603-fab8-e983-9e3e-736927871111?version=1.3&t=1665253744104&download=true,https://irdai.gov.in/updated-regulations?p_p_id=com_irdai_document_media_IRDAIDocumentMediaPortlet&p_p_lifecycle=0&p_p_state=normal&p_p_mode=view&_com_irdai_document_media_IRDAIDocumentMediaPortlet_delta=20&_com_irdai_document_media_IRDAIDocumentMediaPortlet_resetCur=false&_com_irdai_document_media_IRDAIDocumentMediaPortlet_cur=2,"Insurance Regulatory and Development Authority of India (Insurance Services by Common Public Service Centers) Regulations, 2019.pdf",1.3,1665253744,2026-08-02 09:27:45,748.3,6bba026365cb4a5eed0949fff523d1fa,false
Insurance_Regulatory_and_Development_Authority_of_India_Regulatory_Sandbox_Regulations_2019.pdf,Regulation,gold,https://irdai.gov.in/documents/37343/602265/Insurance+Regulatory+and+Development+Authority+of+India+%28Regulatory+Sandbox%29+Regulations%2C+2019.pdf/0b4864ed-cd26-55e6-babd-5ab4d5181c2c?version=1.3&t=1665254297099&download=true,https://irdai.gov.in/updated-regulations?p_p_id=com_irdai_document_media_IRDAIDocumentMediaPortlet&p_p_lifecycle=0&p_p_state=normal&p_p_mode=view&_com_irdai_document_media_IRDAIDocumentMediaPortlet_delta=20&_com_irdai_document_media_IRDAIDocumentMediaPortlet_resetCur=false&_com_irdai_document_media_IRDAIDocumentMediaPortlet_cur=2,"Insurance Regulatory and Development Authority of India (Regulatory Sandbox) Regulations, 2019.pdf",1.3,1665254297,2026-08-02 09:27:47,562.1,1a63dde8b4a3bfece45eeee89ce34fb4,false
Insurance_Regulatory_and_Development_Authority_Meetings_Regulations_2000.pdf,Regulation,gold,https://irdai.gov.in/documents/37343/602265/Insurance+Regulatory+and+Development+Authority+%28Meetings%29+Regulations%2C+2000.pdf/bc7346ed-979e-ded1-64bb-539fd75a811e?version=1.4&t=1665252979316&download=true,https://irdai.gov.in/updated-regulations?p_p_id=com_irdai_document_media_IRDAIDocumentMediaPortlet&p_p_lifecycle=0&p_p_state=normal&p_p_mode=view&_com_irdai_document_media_IRDAIDocumentMediaPortlet_delta=20&_com_irdai_document_media_IRDAIDocumentMediaPortlet_resetCur=false&_com_irdai_document_media_IRDAIDocumentMediaPortlet_cur=2,"Insurance Regulatory and Development Authority (Meetings) Regulations, 2000.pdf",1.4,1665252979,2026-08-02 09:27:48,213.9,74b56f5422551318fffa3dca1edb6240,false
Insurance_Regulatory_and_Development_Authority_Insurance_Advisory_Committee_Regulations_2000.pdf,Regulation,gold,https://irdai.gov.in/documents/37343/602265/Insurance+Regulatory+and+Development+Authority+%28Insurance+Advisory+Committee%29+Regulations%2C+2000.pdf/0fd216e0-ef74-2345-6e50-6fb35d5649c3?version=1.4&t=1665252933180&download=true,https://irdai.gov.in/updated-regulations?p_p_id=com_irdai_document_media_IRDAIDocumentMediaPortlet&p_p_lifecycle=0&p_p_state=normal&p_p_mode=view&_com_irdai_document_media_IRDAIDocumentMediaPortlet_delta=20&_com_irdai_document_media_IRDAIDocumentMediaPortlet_resetCur=false&_com_irdai_document_media_IRDAIDocumentMediaPortlet_cur=2,"Insurance Regulatory and Development Authority (Insurance Advisory Committee) Regulations, 2000.pdf",1.4,1665252933,2026-08-02 09:27:50,216.8,708dff16346e98755d6f779570e6cebd,false
IRDAI_Standard_Proposal_Form_for_Life_Insurance_Repeal_Regulations_2018.pdf,Regulation,gold,https://irdai.gov.in/documents/37343/602265/IRDAI+%28Standard+Proposal+Form+for+Life+Insurance%29+%28Repeal%29+Regulations%2C+2018.pdf/e00b45b8-a902-d2d3-2d8c-9e901a188082?version=1.3&t=1665255955562&download=true,https://irdai.gov.in/updated-regulations?p_p_id=com_irdai_document_media_IRDAIDocumentMediaPortlet&p_p_lifecycle=0&p_p_state=normal&p_p_mode=view&_com_irdai_document_media_IRDAIDocumentMediaPortlet_delta=20&_com_irdai_document_media_IRDAIDocumentMediaPortlet_resetCur=false&_com_irdai_document_media_IRDAIDocumentMediaPortlet_cur=2,"IRDAI (Standard Proposal Form for Life Insurance) (Repeal) Regulations, 2018.pdf",1.3,1665255955,2026-08-02 09:27:53,1675.5,f08acb42dfbc8c365ccaadc1972a08ad,false
IRDAI_Outsourcing_of_Activities_by_Indian_Insurers_Regulations_2017.pdf,Regulation,gold,https://irdai.gov.in/documents/37343/602265/IRDAI+%28Outsourcing+of+Activities+by+Indian+Insurers%29+Regulations%2C+2017.pdf/6c8e5cd2-93f5-bad2-642f-7b4147eb6dc3?version=1.3&t=1665255407382&download=true,https://irdai.gov.in/updated-regulations?p_p_id=com_irdai_document_media_IRDAIDocumentMediaPortlet&p_p_lifecycle=0&p_p_state=normal&p_p_mode=view&_com_irdai_document_media_IRDAIDocumentMediaPortlet_delta=20&_com_irdai_document_media_IRDAIDocumentMediaPortlet_resetCur=false&_com_irdai_document_media_IRDAIDocumentMediaPortlet_cur=2,"IRDAI (Outsourcing of Activities by Indian Insurers) Regulations, 2017.pdf",1.3,1665255407,2026-08-02 09:27:55,796.6,6dc90c0688b53861826ba52b7845d68f,false
IRDAI_Obligations_of_Insurers_to_Rural_and_Social_sectors_Regulations_2015.pdf,Regulation,gold,https://irdai.gov.in/documents/37343/602265/IRDAI+%28Obligations+of+Insurers+to+Rural+and+Social+sectors%29+Regulations%2C+2015.pdf/5630de0b-e86c-6a43-448d-18309ce33db7?version=1.3&t=1665255364538&download=true,https://irdai.gov.in/updated-regulations?p_p_id=com_irdai_document_media_IRDAIDocumentMediaPortlet&p_p_lifecycle=0&p_p_state=normal&p_p_mode=view&_com_irdai_document_media_IRDAIDocumentMediaPortlet_delta=20&_com_irdai_document_media_IRDAIDocumentMediaPortlet_resetCur=false&_com_irdai_document_media_IRDAIDocumentMediaPortlet_cur=2,"IRDAI (Obligations of Insurers to Rural and Social sectors) Regulations, 2015.pdf",1.3,1665255364,2026-08-02 09:27:57,635.8,9a0ff09ff23c4a9d2f2d58c96db56fc5,false
IRDAI_Maintenance_of_Insurance_Records_Regulations_2015.pdf,Regulation,gold,https://irdai.gov.in/documents/37343/602265/IRDAI+%28Maintenance+of+Insurance+Records%29+Regulations%2C+2015.pdf/671abb44-e28b-4189-d635-cfb363e999ab?version=1.3&t=1665255057371&download=true,https://irdai.gov.in/updated-regulations?p_p_id=com_irdai_document_media_IRDAIDocumentMediaPortlet&p_p_lifecycle=0&p_p_state=normal&p_p_mode=view&_com_irdai_document_media_IRDAIDocumentMediaPortlet_delta=20&_com_irdai_document_media_IRDAIDocumentMediaPortlet_resetCur=false&_com_irdai_document_media_IRDAIDocumentMediaPortlet_cur=2,"IRDAI (Maintenance of Insurance Records) Regulations, 2015.pdf",1.3,1665255057,2026-08-02 09:27:59,255.5,6b0137b2bfb227385182b8423646642b,false
IRDAI_Places_of_Business_Regulations_2015.pdf,Regulation,gold,https://irdai.gov.in/documents/37343/602265/IRDAI+%28Places+of+Business%29+Regulations%2C+2015.pdf/2a98d187-9555-fe57-8251-af76d74de792?version=1.3&t=1665255477648&download=true,https://irdai.gov.in/updated-regulations?p_p_id=com_irdai_document_media_IRDAIDocumentMediaPortlet&p_p_lifecycle=0&p_p_state=normal&p_p_mode=view&_com_irdai_document_media_IRDAIDocumentMediaPortlet_delta=20&_com_irdai_document_media_IRDAIDocumentMediaPortlet_resetCur=false&_com_irdai_document_media_IRDAIDocumentMediaPortlet_cur=2,"IRDAI (Places of Business) Regulations, 2015.pdf",1.3,1665255477,2026-08-02 09:28:06,12453.9,92772195dd7a7ce2db1cc51c7ed493c8,false
IRDAI_Fee_for_granting_written_acknowledgement_of_receipt_of_Notice_of_Assignment_or_Transfer_Regulations_2015.pdf,Regulation,gold,https://irdai.gov.in/documents/37343/602265/IRDAI+%28Fee+for+granting+written+acknowledgement+of+receipt+of+Notice+of++Assignment+or+Transfer%29+Regulations%2C+2015.pdf/954c53e5-1dfe-4bac-84e5-327ec09d0897?version=1.3&t=1665254963096&download=true,https://irdai.gov.in/updated-regulations?p_p_id=com_irdai_document_media_IRDAIDocumentMediaPortlet&p_p_lifecycle=0&p_p_state=normal&p_p_mode=view&_com_irdai_document_media_IRDAIDocumentMediaPortlet_delta=20&_com_irdai_document_media_IRDAIDocumentMediaPortlet_resetCur=false&_com_irdai_document_media_IRDAIDocumentMediaPortlet_cur=3,"IRDAI (Fee for granting written acknowledgement of receipt of Notice of  Assignment or Transfer) Regulations, 2015.pdf",1.3,1665254963,2026-08-02 09:28:08,734.5,f49ffaf34d0a8fee1590dad30e884a99,false
IRDAI_Fee_for_registering_cancellation_or_change_of_nomination_Regulations_2015.pdf,Regulation,gold,https://irdai.gov.in/documents/37343/602265/IRDAI+%28Fee+for+registering+cancellation+or+change+of+nomination%29+Regulations+2015.pdf/fa8469fc-f542-05bc-5e35-6e8d21ea2e84?version=1.3&t=1665255008961&download=true,https://irdai.gov.in/updated-regulations?p_p_id=com_irdai_document_media_IRDAIDocumentMediaPortlet&p_p_lifecycle=0&p_p_state=normal&p_p_mode=view&_com_irdai_document_media_IRDAIDocumentMediaPortlet_delta=20&_com_irdai_document_media_IRDAIDocumentMediaPortlet_resetCur=false&_com_irdai_document_media_IRDAIDocumentMediaPortlet_cur=3,IRDAI (Fee for registering cancellation or change of nomination) Regulations 2015.pdf,1.3,1665255008,2026-08-02 09:28:10,404.8,5986039bbb67b9ffdc3539ccb43b648e,false
IRDA_Sharing_of_Database_for_Distribution_of_Insurance_Products_Regulations_2010.pdf,Regulation,gold,https://irdai.gov.in/documents/37343/602265/IRDA%28Sharing+of+Database+for+Distribution+of+Insurance+Products%29+Regulations%2C2010.pdf/652cd8c0-883f-77cc-7961-a8309a1f815d?version=1.3&t=1665254646931&download=true,https://irdai.gov.in/updated-regulations?p_p_id=com_irdai_document_media_IRDAIDocumentMediaPortlet&p_p_lifecycle=0&p_p_state=normal&p_p_mode=view&_com_irdai_document_media_IRDAIDocumentMediaPortlet_delta=20&_com_irdai_document_media_IRDAIDocumentMediaPortlet_resetCur=false&_com_irdai_document_media_IRDAIDocumentMediaPortlet_cur=3,"IRDA(Sharing of Database for Distribution of Insurance Products) Regulations,2010.pdf",1.3,1665254646,2026-08-02 09:28:13,1071.1,9cad45e3263879ca16b8a7184af2b84e,false
IRDA_Manner_of_Receipt_of_Premium_Regulations_2002.pdf,Regulation,gold,https://irdai.gov.in/documents/37343/602265/IRDA+%28Manner+of+Receipt+of+Premium%29+Regulations%2C2002.pdf/97aeb72f-ba55-28ea-fd3d-7e7acb55a244?version=1.3&t=1665254603121&download=true,https://irdai.gov.in/updated-regulations?p_p_id=com_irdai_document_media_IRDAIDocumentMediaPortlet&p_p_lifecycle=0&p_p_state=normal&p_p_mode=view&_com_irdai_document_media_IRDAIDocumentMediaPortlet_delta=20&_com_irdai_document_media_IRDAIDocumentMediaPortlet_resetCur=false&_com_irdai_document_media_IRDAIDocumentMediaPortlet_cur=3,"IRDA (Manner of Receipt of Premium) Regulations,2002.pdf",1.3,1665254603,2026-08-02 09:28:14,247.1,f5b5c7ae88223d5c5d324e7c413346cc,false
Insurance_Regulatory_And_Development_Authority_Of_India_Issuance_Of_E-Insurance_Policies_Regulations_2016.pdf,Regulation,gold,https://irdai.gov.in/documents/37343/602265/Insurance+Regulatory+And+Development+Authority+Of+India+%28Issuance+Of+E-Insurance+Policies%29+Regulations+2016.pdf/2ca40178-8c3a-076d-4aa4-48c7150295a6?version=1.4&t=1665254010454&download=true,https://irdai.gov.in/updated-regulations?p_p_id=com_irdai_document_media_IRDAIDocumentMediaPortlet&p_p_lifecycle=0&p_p_state=normal&p_p_mode=view&_com_irdai_document_media_IRDAIDocumentMediaPortlet_delta=20&_com_irdai_document_media_IRDAIDocumentMediaPortlet_resetCur=false&_com_irdai_document_media_IRDAIDocumentMediaPortlet_cur=3,Insurance Regulatory And Development Authority Of India (Issuance Of E-Insurance Policies) Regulations 2016.pdf,1.4,1665254010,2026-08-02 09:28:16,250.5,7211931fa0dda7bae94a1807cdc9e6b6,false
IRDA_Distribution_of_Surplus_Regulations_2002_1.pdf,Regulation,gold,https://irdai.gov.in/documents/37343/602265/IRDA+%28Distribution+of+Surplus%29+Regulations%2C+2002.pdf/724a30f0-0cd8-9fb1-be63-58d0d79951cf?version=1.3&t=1665254561400&download=true,https://irdai.gov.in/updated-regulations?p_p_id=com_irdai_document_media_IRDAIDocumentMediaPortlet&p_p_lifecycle=0&p_p_state=normal&p_p_mode=view&_com_irdai_document_media_IRDAIDocumentMediaPortlet_delta=20&_com_irdai_document_media_IRDAIDocumentMediaPortlet_resetCur=false&_com_irdai_document_media_IRDAIDocumentMediaPortlet_cur=3,"IRDA (Distribution of Surplus) Regulations, 2002.pdf",1.3,1665254561,2026-08-02 09:28:18,227.2,8af68c585773ba843fdf5c86b20c8dd0,false
IRDAI_Unit_Linked_Insurance_Products_Regulations_2019.pdf,Regulation,gold,https://irdai.gov.in/documents/37343/602265/IRDAI+%28Unit+Linked+Insurance+Products%29+Regulations%2C+2019.pdf/f12d5d1a-cef3-951d-9155-87a383525db1?version=1.4&t=1665256275618&download=true,https://irdai.gov.in/updated-regulations?p_p_id=com_irdai_document_media_IRDAIDocumentMediaPortlet&p_p_lifecycle=0&p_p_state=normal&p_p_mode=view&_com_irdai_document_media_IRDAIDocumentMediaPortlet_delta=20&_com_irdai_document_media_IRDAIDocumentMediaPortlet_resetCur=false&_com_irdai_document_media_IRDAIDocumentMediaPortlet_cur=3,"IRDAI (Unit Linked Insurance Products) Regulations, 2019.pdf",1.4,1665256275,2026-08-02 09:28:20,750.3,9bf921eaede6f48908cf73ce3f48e884,false
IRDAI_Non-Linked_Insurance_Products_Regulations_2019.pdf,Regulation,gold,https://irdai.gov.in/documents/37343/602265/IRDAI+%28Non-Linked+Insurance+Products%29+Regulations%2C+2019.pdf/7691ce57-de24-2908-79a8-1073c824d9a4?version=1.3&t=1665255315135&download=true,https://irdai.gov.in/updated-regulations?p_p_id=com_irdai_document_media_IRDAIDocumentMediaPortlet&p_p_lifecycle=0&p_p_state=normal&p_p_mode=view&_com_irdai_document_media_IRDAIDocumentMediaPortlet_delta=20&_com_irdai_document_media_IRDAIDocumentMediaPortlet_resetCur=false&_com_irdai_document_media_IRDAIDocumentMediaPortlet_cur=3,"IRDAI (Non-Linked Insurance Products) Regulations, 2019.pdf",1.3,1665255315,2026-08-02 09:28:22,569.2,b7cb003302592783c49964b5f9446141,false
IRDAI_Assets_Liabilities_and_Solvency_Margin_of_General_Insurance_Business_Regulations_2016.pdf,Regulation,gold,https://irdai.gov.in/documents/37343/602265/IRDAI+%28Assets%2C+Liabilities+and+Solvency+Margin+of+General+Insurance+Business%29+Regulations%2C+2016.pdf/ea453667-cb5e-1b5d-1e65-6e9071d9bab5?version=1.3&t=1665254858650&download=true,https://irdai.gov.in/updated-regulations?p_p_id=com_irdai_document_media_IRDAIDocumentMediaPortlet&p_p_lifecycle=0&p_p_state=normal&p_p_mode=view&_com_irdai_document_media_IRDAIDocumentMediaPortlet_delta=20&_com_irdai_document_media_IRDAIDocumentMediaPortlet_resetCur=false&_com_irdai_document_media_IRDAIDocumentMediaPortlet_cur=3,"IRDAI (Assets, Liabilities and Solvency Margin of General Insurance Business) Regulations, 2016.pdf",1.3,1665254858,2026-08-02 09:28:24,263.6,4155738e3af387236a14feee57b85926,false
IRDAI_Assets_Liabilities_and_Solvency_Margin_of_Life_Insurance_Business_Regulations_2016.pdf,Regulation,gold,https://irdai.gov.in/documents/37343/602265/IRDAI+%28Assets%2C+Liabilities+and+Solvency+Margin+of+Life+Insurance+Business%29+Regulations%2C+2016.pdf/b944d698-96ca-b394-e88c-8f0a372ea829?version=1.3&t=1665254909519&download=true,https://irdai.gov.in/updated-regulations?p_p_id=com_irdai_document_media_IRDAIDocumentMediaPortlet&p_p_lifecycle=0&p_p_state=normal&p_p_mode=view&_com_irdai_document_media_IRDAIDocumentMediaPortlet_delta=20&_com_irdai_document_media_IRDAIDocumentMediaPortlet_resetCur=false&_com_irdai_document_media_IRDAIDocumentMediaPortlet_cur=3,"IRDAI (Assets, Liabilities and Solvency Margin of Life Insurance Business) Regulations, 2016.pdf",1.3,1665254909,2026-08-02 09:28:26,1772.7,a3bed29467baa6d6688910d2390dc78c,false
IRDAI_Minimum_Limits_for_Annuities_and_Other_Benefits_Regulations_2015.pdf,Regulation,gold,https://irdai.gov.in/documents/37343/602265/IRDAI+%28Minimum+Limits+for+Annuities+and+Other+Benefits+Regulations%29%2C+2015.pdf/b8eb0645-3f2b-8716-8f44-033782077b8c?version=1.3&t=1665255273167&download=true,https://irdai.gov.in/updated-regulations?p_p_id=com_irdai_document_media_IRDAIDocumentMediaPortlet&p_p_lifecycle=0&p_p_state=normal&p_p_mode=view&_com_irdai_document_media_IRDAIDocumentMediaPortlet_delta=20&_com_irdai_document_media_IRDAIDocumentMediaPortlet_resetCur=false&_com_irdai_document_media_IRDAIDocumentMediaPortlet_cur=3,"IRDAI (Minimum Limits for Annuities and Other Benefits Regulations), 2015.pdf",1.3,1665255273,2026-08-02 09:28:28,213.3,4342d5ca0441c744e275a0deb423cdce,false
IRDAI_Actuarial_Report_and_Abstract_for_Life_Insurance_Business_Regulations_2016.pdf,Regulation,gold,https://irdai.gov.in/documents/37343/602265/IRDAI+%28Actuarial+Report+and+Abstract+for+Life+Insurance+Business%29+Regulations%2C+2016.pdf/93d2ed58-1404-2252-3f0e-e9988bc6e661?version=1.3&t=1665254747190&download=true,https://irdai.gov.in/updated-regulations?p_p_id=com_irdai_document_media_IRDAIDocumentMediaPortlet&p_p_lifecycle=0&p_p_state=normal&p_p_mode=view&_com_irdai_document_media_IRDAIDocumentMediaPortlet_delta=20&_com_irdai_document_media_IRDAIDocumentMediaPortlet_resetCur=false&_com_irdai_document_media_IRDAIDocumentMediaPortlet_cur=3,"IRDAI (Actuarial Report and Abstract for Life Insurance Business) Regulations, 2016.pdf",1.3,1665254747,2026-08-02 09:28:31,5328.7,68e9d08037f4e3cb76272fea4191b34d,false
IRDAI_Acquisition_of_Surrender_Paid_Up_Values_Regulations_2015.pdf,Regulation,gold,https://irdai.gov.in/documents/37343/602265/IRDAI+%28Acquisition+of+Surrender+%26+Paid+Up+Values%29+Regulations%2C+2015.pdf/8d16318f-c1fe-f740-802d-1a5b22566656?version=1.3&t=1665254689047&download=true,https://irdai.gov.in/updated-regulations?p_p_id=com_irdai_document_media_IRDAIDocumentMediaPortlet&p_p_lifecycle=0&p_p_state=normal&p_p_mode=view&_com_irdai_document_media_IRDAIDocumentMediaPortlet_delta=20&_com_irdai_document_media_IRDAIDocumentMediaPortlet_resetCur=false&_com_irdai_document_media_IRDAIDocumentMediaPortlet_cur=3,"IRDAI (Acquisition of Surrender & Paid Up Values) Regulations, 2015.pdf",1.3,1665254689,2026-08-02 09:28:33,355.8,e67ffa0d61a3a0e0eb9c2037a0da3b2c,false
IRDAI_Staff_Officers_And_Other_Employees_Regulations_2016.pdf,Regulation,gold,https://irdai.gov.in/documents/37343/602265/IRDAI+Staff+%28Officers+And+Other+Employees%29+Regulations%2C+2016.pdf/dc12f3dd-5d5b-4ed9-776e-ac5b2a0750cb?version=1.5&t=1665256356901&download=true,https://irdai.gov.in/updated-regulations?p_p_id=com_irdai_document_media_IRDAIDocumentMediaPortlet&p_p_lifecycle=0&p_p_state=normal&p_p_mode=view&_com_irdai_document_media_IRDAIDocumentMediaPortlet_delta=20&_com_irdai_document_media_IRDAIDocumentMediaPortlet_resetCur=false&_com_irdai_document_media_IRDAIDocumentMediaPortlet_cur=3,"IRDAI Staff (Officers And Other Employees) Regulations, 2016.pdf",1.5,1665256356,2026-08-02 09:28:35,1233.0,6177aa6388dc292f792a50f6853bda38,false
To_All_Licensed_Individual_Corporate_Surveyors_Loss_Assessors_Jan_2013.pdf,Circular,silver,https://irdai.gov.in/documents/37343/365525/To+All+Licensed+Individual+%26+Corporate+Surveyors+%26+Loss+Assessors%2C+Jan+2013.pdf/a6397a07-9037-1645-d675-41f59438b309?version=1.1&t=1723527371249&download=true,https://irdai.gov.in/circulars?p_p_id=com_irdai_document_media_IRDAIDocumentMediaPortlet&p_p_lifecycle=0&p_p_state=normal&p_p_mode=view&_com_irdai_document_media_IRDAIDocumentMediaPortlet_delta=20&_com_irdai_document_media_IRDAIDocumentMediaPortlet_resetCur=false&_com_irdai_document_media_IRDAIDocumentMediaPortlet_cur=30,"To All Licensed Individual & Corporate Surveyors & Loss Assessors, Jan 2013.pdf",1.1,1723527371,2026-08-02 09:28:37,163.6,e4ff5c123aa2a6627f508ca2fa5f1248,false
Guidelines_on_Standard_Personal_Accident_Insurance_Product.pdf,Guideline,gold,https://irdai.gov.in/documents/37343/366029/Guidelines+on+Standard+Personal+Accident+Insurance+Product.pdf/50e20db1-adfd-24ea-307a-fa488f475006?version=1.2&t=1665033649787&download=true,https://irdai.gov.in/guidelines?p_p_id=com_irdai_document_media_IRDAIDocumentMediaPortlet&p_p_lifecycle=0&p_p_state=normal&p_p_mode=view&_com_irdai_document_media_IRDAIDocumentMediaPortlet_delta=20&_com_irdai_document_media_IRDAIDocumentMediaPortlet_resetCur=false&_com_irdai_document_media_IRDAIDocumentMediaPortlet_cur=2,Guidelines on Standard Personal Accident Insurance Product.pdf,1.2,1665033649,2026-08-02 09:28:41,1105.6,6a35be6fef9e63bc00236af800719292,false
Guidelines_on_Cross_Border_Re-insurers.pdf,Guideline,gold,https://irdai.gov.in/documents/37343/366029/Guidelines+on+Cross+Border+Re-insurers.pdf/42c701c3-b1c4-254e-694e-c4b500a75afb?version=2.0&t=1637310682868&download=true,https://irdai.gov.in/guidelines?p_p_id=com_irdai_document_media_IRDAIDocumentMediaPortlet&p_p_lifecycle=0&p_p_state=normal&p_p_mode=view&_com_irdai_document_media_IRDAIDocumentMediaPortlet_delta=20&_com_irdai_document_media_IRDAIDocumentMediaPortlet_resetCur=false&_com_irdai_document_media_IRDAIDocumentMediaPortlet_cur=2,Guidelines on Cross Border Re-insurers.pdf,2.0,1637310682,2026-08-02 09:28:44,4227.8,9f7b69e12847ebe2431b75833ba92c10,false
Guidelines_on_Wellness_and_Preventive_Features.pdf,Guideline,gold,https://irdai.gov.in/documents/37343/366029/Guidelines+on+Wellness+and+Preventive+Features.pdf/f8fec368-a7fa-7f8f-0ffd-23590074a2ff?version=1.0&t=1631531569802&download=true,https://irdai.gov.in/guidelines?p_p_id=com_irdai_document_media_IRDAIDocumentMediaPortlet&p_p_lifecycle=0&p_p_state=normal&p_p_mode=view&_com_irdai_document_media_IRDAIDocumentMediaPortlet_delta=20&_com_irdai_document_media_IRDAIDocumentMediaPortlet_resetCur=false&_com_irdai_document_media_IRDAIDocumentMediaPortlet_cur=2,Guidelines on Wellness and Preventive Features.pdf,1.0,1631531569,2026-08-02 09:28:47,158.6,f38a05352e759a1be13c53309e0223c4,false
Master_Circular_on_Standardization_of_Health_Insurance_Products.pdf,Guideline,gold,https://irdai.gov.in/documents/37343/366029/Master+Circular+on+Standardization+of+Health+Insurance+Products.pdf/40548736-71a8-1b76-e28d-0df899407e1e?version=1.2&t=1665033878433&download=true,https://irdai.gov.in/guidelines?p_p_id=com_irdai_document_media_IRDAIDocumentMediaPortlet&p_p_lifecycle=0&p_p_state=normal&p_p_mode=view&_com_irdai_document_media_IRDAIDocumentMediaPortlet_delta=20&_com_irdai_document_media_IRDAIDocumentMediaPortlet_resetCur=false&_com_irdai_document_media_IRDAIDocumentMediaPortlet_cur=2,Master Circular on Standardization of Health Insurance Products.pdf,1.2,1665033878,2026-08-02 09:28:50,3744.4,0c97652ff15a3ffcea492eb92cad8cdf,false
Consolidated_Guidelines_on_Product_filing_in_Health_Insurance_Business.pdf,Guideline,gold,https://irdai.gov.in/documents/37343/366029/Consolidated+Guidelines+on+Product+filing+in+Health+Insurance+Business.pdf/8eb75be8-5920-eb17-c6df-12cc2831c099?version=1.2&t=1665034065397&download=true,https://irdai.gov.in/guidelines?p_p_id=com_irdai_document_media_IRDAIDocumentMediaPortlet&p_p_lifecycle=0&p_p_state=normal&p_p_mode=view&_com_irdai_document_media_IRDAIDocumentMediaPortlet_delta=20&_com_irdai_document_media_IRDAIDocumentMediaPortlet_resetCur=false&_com_irdai_document_media_IRDAIDocumentMediaPortlet_cur=2,Consolidated Guidelines on Product filing in Health Insurance Business.pdf,1.2,1665034065,2026-08-02 09:28:53,2102.6,3f8901a82a163b3b87684f726023a508,false
Filing_of_Corona_Kavach_Policy_as_group_health_insurance_product.pdf,Guideline,gold,https://irdai.gov.in/documents/37343/366029/Filing+of+%E2%80%9CCorona+Kavach+Policy%E2%80%9D+as+group+health+insurance+product.pdf/0b9312b1-c217-e407-9c6d-259b526685f0?version=3.1&t=1659329793141&download=true,https://irdai.gov.in/guidelines?p_p_id=com_irdai_document_media_IRDAIDocumentMediaPortlet&p_p_lifecycle=0&p_p_state=normal&p_p_mode=view&_com_irdai_document_media_IRDAIDocumentMediaPortlet_delta=20&_com_irdai_document_media_IRDAIDocumentMediaPortlet_resetCur=false&_com_irdai_document_media_IRDAIDocumentMediaPortlet_cur=2,Filing of “Corona Kavach Policy” as group health insurance product.pdf,3.1,1659329793,2026-08-02 09:28:53,172.6,ba0628f06d7e88d73ed4fce594589652,false
Guidelines_on_Telemedicine.pdf,Guideline,gold,https://irdai.gov.in/documents/37343/366029/Guidelines+on+Telemedicine.pdf/277f31fe-2639-02d5-2d03-d6bdf0f2ca39?version=1.0&t=1631531501638&download=true,https://irdai.gov.in/guidelines?p_p_id=com_irdai_document_media_IRDAIDocumentMediaPortlet&p_p_lifecycle=0&p_p_state=normal&p_p_mode=view&_com_irdai_document_media_IRDAIDocumentMediaPortlet_delta=20&_com_irdai_document_media_IRDAIDocumentMediaPortlet_resetCur=false&_com_irdai_document_media_IRDAIDocumentMediaPortlet_cur=2,Guidelines on Telemedicine.pdf,1.0,1631531501,2026-08-02 09:28:55,211.9,cdf6940e771ba635301a81a3f501eb40,false
Guidelines_on_Public_disclosures_by_Insurers.pdf,Guideline,gold,https://irdai.gov.in/documents/37343/366029/Guidelines+on+Public+disclosures+by+Insurers.pdf/6f68d659-a691-cc5b-28fb-782f88b05618?version=1.0&t=1631531498875&download=true,https://irdai.gov.in/guidelines?p_p_id=com_irdai_document_media_IRDAIDocumentMediaPortlet&p_p_lifecycle=0&p_p_state=normal&p_p_mode=view&_com_irdai_document_media_IRDAIDocumentMediaPortlet_delta=20&_com_irdai_document_media_IRDAIDocumentMediaPortlet_resetCur=false&_com_irdai_document_media_IRDAIDocumentMediaPortlet_cur=2,Guidelines on Public disclosures by Insurers.pdf,1.0,1631531498,2026-08-02 09:28:57,1594.8,33a66302495472c88350b0c99e9b68f9,false
Guidelines_on_settlement_of_Life_Insurance_Claims_to_the_victims_of_recent_Jun_2020.pdf,Guideline,gold,https://irdai.gov.in/documents/37343/366029/Guidelines+on+settlement+of+Life+Insurance+Claims+to+the+victims+of+recent%2C+Jun+2020.pdf/6a9d5eb6-aaba-a7e7-97b0-66a6233d0832?version=1.0&t=1637214103932&download=true,https://irdai.gov.in/guidelines?p_p_id=com_irdai_document_media_IRDAIDocumentMediaPortlet&p_p_lifecycle=0&p_p_state=normal&p_p_mode=view&_com_irdai_document_media_IRDAIDocumentMediaPortlet_delta=20&_com_irdai_document_media_IRDAIDocumentMediaPortlet_resetCur=false&_com_irdai_document_media_IRDAIDocumentMediaPortlet_cur=2,"Guidelines on settlement of Life Insurance Claims to the victims of recent, Jun 2020.pdf",1.0,1637214103,2026-08-02 09:28:59,561.5,c8555e829d5bb850234e6ee506c68fbb,false
Guidelines_on_settlement_of_Life_Insurance_Claims_to_the_victims_of_recent.pdf,Guideline,gold,https://irdai.gov.in/documents/37343/366029/Guidelines+on+settlement+of+Life+Insurance+Claims+to+the+victims+of+recent.pdf/d44955fd-a0d7-94f8-79fd-f911109c47e1?version=1.0&t=1631531479084&download=true,https://irdai.gov.in/guidelines?p_p_id=com_irdai_document_media_IRDAIDocumentMediaPortlet&p_p_lifecycle=0&p_p_state=normal&p_p_mode=view&_com_irdai_document_media_IRDAIDocumentMediaPortlet_delta=20&_com_irdai_document_media_IRDAIDocumentMediaPortlet_resetCur=false&_com_irdai_document_media_IRDAIDocumentMediaPortlet_cur=2,Guidelines on settlement of Life Insurance Claims to the victims of recent.pdf,1.0,1631531479,2026-08-02 09:29:02,721.7,4cbade737446fd4d9937e5685814d7b5,false
Guidelines_on_filing_of_Re-insurance_arrangements_with_the_IRDAI.pdf,Guideline,gold,https://irdai.gov.in/documents/37343/366029/Guidelines+on+filing+of+Re-insurance+arrangements+with+the+IRDAI.pdf/a4790288-c790-8ae9-f9f6-2407ddd24b12?version=1.0&t=1631531390491&download=true,https://irdai.gov.in/guidelines?p_p_id=com_irdai_document_media_IRDAIDocumentMediaPortlet&p_p_lifecycle=0&p_p_state=normal&p_p_mode=view&_com_irdai_document_media_IRDAIDocumentMediaPortlet_delta=20&_com_irdai_document_media_IRDAIDocumentMediaPortlet_resetCur=false&_com_irdai_document_media_IRDAIDocumentMediaPortlet_cur=2,Guidelines on filing of Re-insurance arrangements with the IRDAI.pdf,1.0,1631531390,2026-08-02 09:29:04,477.6,5a5885214867550344b8ed52ab47a66c,false
Guidelines_on_Group_Health_Insurance_Policies_upon_Merger_of_Public_Sector.pdf,Guideline,gold,https://irdai.gov.in/documents/37343/366029/Guidelines+on+Group+Health+Insurance+Policies+upon+Merger+of+Public+Sector.pdf/d6ba34e8-5e1e-0e24-0bfc-865e4220005e?version=1.0&t=1631531379259&download=true,https://irdai.gov.in/guidelines?p_p_id=com_irdai_document_media_IRDAIDocumentMediaPortlet&p_p_lifecycle=0&p_p_state=normal&p_p_mode=view&_com_irdai_document_media_IRDAIDocumentMediaPortlet_delta=20&_com_irdai_document_media_IRDAIDocumentMediaPortlet_resetCur=false&_com_irdai_document_media_IRDAIDocumentMediaPortlet_cur=2,Guidelines on Group Health Insurance Policies upon Merger of Public Sector.pdf,1.0,1631531379,2026-08-02 09:29:06,518.1,113b7dfe9d6c36b8b5c8c5c528274204,false
Guidelines_on_repatriation_of_dividends_by_insurance_intermediaries_having.pdf,Guideline,gold,https://irdai.gov.in/documents/37343/366029/Guidelines+on+repatriation+of+dividends+by+insurance+intermediaries+having.pdf/e43749b1-db15-1453-3139-e2c1475665ef?version=1.0&t=1631531346919&download=true,https://irdai.gov.in/guidelines?p_p_id=com_irdai_document_media_IRDAIDocumentMediaPortlet&p_p_lifecycle=0&p_p_state=normal&p_p_mode=view&_com_irdai_document_media_IRDAIDocumentMediaPortlet_delta=20&_com_irdai_document_media_IRDAIDocumentMediaPortlet_resetCur=false&_com_irdai_document_media_IRDAIDocumentMediaPortlet_cur=2,Guidelines on repatriation of dividends by insurance intermediaries having.pdf,1.0,1631531346,2026-08-02 09:29:07,202.2,d2a9955a3b300337bf043258925094db,false
Guidelines_on_Standard_Individual_Health_Insurance_Product.pdf,Guideline,gold,https://irdai.gov.in/documents/37343/366029/Guidelines+on+Standard+Individual+Health+Insurance+Product.pdf/ac7953a5-c439-3560-a7b7-f94b9fa805d4?version=4.0&t=1640223956280&download=true,https://irdai.gov.in/guidelines?p_p_id=com_irdai_document_media_IRDAIDocumentMediaPortlet&p_p_lifecycle=0&p_p_state=normal&p_p_mode=view&_com_irdai_document_media_IRDAIDocumentMediaPortlet_delta=20&_com_irdai_document_media_IRDAIDocumentMediaPortlet_resetCur=false&_com_irdai_document_media_IRDAIDocumentMediaPortlet_cur=2,Guidelines on Standard Individual Health Insurance Product.pdf,4.0,1640223956,2026-08-02 09:29:09,101.1,665c60569a8148a30cbe45043810cfa4,false
Modification_guidelines_on_standardization_in_health_insurance.pdf,Guideline,gold,https://irdai.gov.in/documents/37343/366029/Modification+guidelines+on+standardization+in+health+insurance.pdf/e83cca49-fd1d-e422-9291-310f2a070a15?version=1.0&t=1631531343172&download=true,https://irdai.gov.in/guidelines?p_p_id=com_irdai_document_media_IRDAIDocumentMediaPortlet&p_p_lifecycle=0&p_p_state=normal&p_p_mode=view&_com_irdai_document_media_IRDAIDocumentMediaPortlet_delta=20&_com_irdai_document_media_IRDAIDocumentMediaPortlet_resetCur=false&_com_irdai_document_media_IRDAIDocumentMediaPortlet_cur=2,Modification guidelines on standardization in health insurance.pdf,1.0,1631531343,2026-08-02 09:29:11,409.4,6e78b12c13cca1e9113307523cdc1be3,false
Guidelines_on_Migration_and_Portability_of_health_insurance_policies.pdf,Guideline,gold,https://irdai.gov.in/documents/37343/366029/Guidelines+on+Migration+and+Portability+of+health+insurance+policies.pdf/c81a1f59-b199-3e40-661a-df6ee9c0caf9?version=1.0&t=1631531343641&download=true,https://irdai.gov.in/guidelines?p_p_id=com_irdai_document_media_IRDAIDocumentMediaPortlet&p_p_lifecycle=0&p_p_state=normal&p_p_mode=view&_com_irdai_document_media_IRDAIDocumentMediaPortlet_delta=20&_com_irdai_document_media_IRDAIDocumentMediaPortlet_resetCur=false&_com_irdai_document_media_IRDAIDocumentMediaPortlet_cur=2,Guidelines on Migration and Portability of health insurance policies.pdf,1.0,1631531343,2026-08-02 09:29:13,1076.1,abd3199a8d629c3de7800db6f8134c57,false
Insurance_Regulatory_and_Development_Authority_of_India_Registration_and_O_1.pdf,Guideline,gold,https://irdai.gov.in/documents/37343/366029/Insurance+Regulatory+and+Development+Authority+of+India+%28Registration+and+O.pdf/c7fbb03b-e438-cf61-d0ad-b28ba8b4364f?version=1.0&t=1631531320220&download=true,https://irdai.gov.in/guidelines?p_p_id=com_irdai_document_media_IRDAIDocumentMediaPortlet&p_p_lifecycle=0&p_p_state=normal&p_p_mode=view&_com_irdai_document_media_IRDAIDocumentMediaPortlet_delta=20&_com_irdai_document_media_IRDAIDocumentMediaPortlet_resetCur=false&_com_irdai_document_media_IRDAIDocumentMediaPortlet_cur=2,Insurance Regulatory and Development Authority of India (Registration and O.pdf,1.0,1631531320,2026-08-02 09:29:15,744.4,e5cf1a6a374a3a253f40b21e5fc2aa94,true
Modified_guidelines_on_Standardization_in_Health_Insurance_Business.pdf,Guideline,gold,https://irdai.gov.in/documents/37343/366029/Modified+guidelines+on+Standardization+in+Health+Insurance+Business.pdf/563e3ad5-4b9c-231f-4b47-fcf370d583b9?version=1.0&t=1631531320891&download=true,https://irdai.gov.in/guidelines?p_p_id=com_irdai_document_media_IRDAIDocumentMediaPortlet&p_p_lifecycle=0&p_p_state=normal&p_p_mode=view&_com_irdai_document_media_IRDAIDocumentMediaPortlet_delta=20&_com_irdai_document_media_IRDAIDocumentMediaPortlet_resetCur=false&_com_irdai_document_media_IRDAIDocumentMediaPortlet_cur=2,Modified guidelines on Standardization in Health Insurance Business.pdf,1.0,1631531320,2026-08-02 09:29:18,1146.7,c094d1f9ae858315e1ad7466754bcf05,false
Guidelines_on_operational_issues_pertaining_to_Regulatory_Sandbox.pdf,Guideline,gold,https://irdai.gov.in/documents/37343/366029/Guidelines+on+operational+issues+pertaining+to+Regulatory+Sandbox.pdf/226a97fd-9ea8-84eb-4af1-e8bd41847f7f?version=1.1&t=1665034410059&download=true,https://irdai.gov.in/guidelines?p_p_id=com_irdai_document_media_IRDAIDocumentMediaPortlet&p_p_lifecycle=0&p_p_state=normal&p_p_mode=view&_com_irdai_document_media_IRDAIDocumentMediaPortlet_delta=20&_com_irdai_document_media_IRDAIDocumentMediaPortlet_resetCur=false&_com_irdai_document_media_IRDAIDocumentMediaPortlet_cur=2,Guidelines on operational issues pertaining to Regulatory Sandbox.pdf,1.1,1665034410,2026-08-02 09:29:21,4114.7,924ce03f7e134b3d29373b4e6a45a8b3,false
IRDAI_IFSC_Insurance_Intermediary_Office_Guidelines_2019.pdf,Guideline,gold,https://irdai.gov.in/documents/37343/366029/IRDAI+%28IFSC+Insurance+Intermediary+Office%29+Guidelines%2C+2019.pdf/d216185b-b056-5ed0-628e-a59fd7ad62be?version=1.2&t=1665035618566&download=true,https://irdai.gov.in/guidelines?p_p_id=com_irdai_document_media_IRDAIDocumentMediaPortlet&p_p_lifecycle=0&p_p_state=normal&p_p_mode=view&_com_irdai_document_media_IRDAIDocumentMediaPortlet_delta=20&_com_irdai_document_media_IRDAIDocumentMediaPortlet_resetCur=false&_com_irdai_document_media_IRDAIDocumentMediaPortlet_cur=3,"IRDAI (IFSC Insurance Intermediary Office) Guidelines, 2019.pdf",1.2,1665035618,2026-08-02 09:29:23,3003.4,ec2031a6246e76e621c2ede04517d263,false
Integrity_Pledge_Hindi-.pdf,Guideline,gold,https://irdai.gov.in/documents/37343/366029/Integrity+Pledge+Hindi-.pdf/90d81cf2-050b-1c07-f6ba-facef6924656?version=1.1&t=1665035734197&download=true,https://irdai.gov.in/guidelines?p_p_id=com_irdai_document_media_IRDAIDocumentMediaPortlet&p_p_lifecycle=0&p_p_state=normal&p_p_mode=view&_com_irdai_document_media_IRDAIDocumentMediaPortlet_delta=20&_com_irdai_document_media_IRDAIDocumentMediaPortlet_resetCur=false&_com_irdai_document_media_IRDAIDocumentMediaPortlet_cur=3,Integrity Pledge Hindi-.pdf,1.1,1665035734,2026-08-02 09:29:25,57.3,c4ffbaa93ae74c459a5ae7e935834938,false
Modified_Guidelines_on_Items_for_which_optional_cover_may_be_offered_by_in.pdf,Guideline,gold,https://irdai.gov.in/documents/37343/366029/Modified+Guidelines+on+%E2%80%98Items+for+which+optional+cover+may+be+offered+by+in.pdf/35d1736e-9c91-cc84-5ca0-fb608535005e?version=1.0&t=1631530967411&download=true,https://irdai.gov.in/guidelines?p_p_id=com_irdai_document_media_IRDAIDocumentMediaPortlet&p_p_lifecycle=0&p_p_state=normal&p_p_mode=view&_com_irdai_document_media_IRDAIDocumentMediaPortlet_delta=20&_com_irdai_document_media_IRDAIDocumentMediaPortlet_resetCur=false&_com_irdai_document_media_IRDAIDocumentMediaPortlet_cur=3,Modified Guidelines on ‘Items for which optional cover may be offered by in.pdf,1.0,1631530967,2026-08-02 09:29:26,87.2,657b6c4e2f37aa6b1848b48676371bf7,false
Modified_Guidelines_on_Standards_and_Benchmarks_for_hospitals_in_the_provid.pdf,Guideline,gold,https://irdai.gov.in/documents/37343/366029/Modified+Guidelines+on+Standards+and+Benchmarks+for+hospitals+in+the+provid.pdf/563221fa-b010-8e55-e5ee-e579845fcfe4?version=1.0&t=1631530946137&download=true,https://irdai.gov.in/guidelines?p_p_id=com_irdai_document_media_IRDAIDocumentMediaPortlet&p_p_lifecycle=0&p_p_state=normal&p_p_mode=view&_com_irdai_document_media_IRDAIDocumentMediaPortlet_delta=20&_com_irdai_document_media_IRDAIDocumentMediaPortlet_resetCur=false&_com_irdai_document_media_IRDAIDocumentMediaPortlet_cur=3,Modified Guidelines on Standards and Benchmarks for hospitals in the provid.pdf,1.0,1631530946,2026-08-02 09:29:28,88.1,847eed77941d61a91cc7f79d5870c649,false
IRDAI_-_Registration_and_Operations_of_International_Financial_Service.pdf,Guideline,gold,https://irdai.gov.in/documents/37343/366029/IRDAI+-+Registration+and+Operations+of+International+Financial+Service.pdf/2d687e8c-ee1a-af54-8eb6-98ee6937213b?version=2.4&t=1665036345263&download=true,https://irdai.gov.in/guidelines?p_p_id=com_irdai_document_media_IRDAIDocumentMediaPortlet&p_p_lifecycle=0&p_p_state=normal&p_p_mode=view&_com_irdai_document_media_IRDAIDocumentMediaPortlet_delta=20&_com_irdai_document_media_IRDAIDocumentMediaPortlet_resetCur=false&_com_irdai_document_media_IRDAIDocumentMediaPortlet_cur=3,IRDAI - Registration and Operations of International Financial Service.pdf,2.4,1665036345,2026-08-02 09:29:34,11145.7,551db7a9a2d85d70801b49f492f47a2d,false
IRDAI_Investment_by_Private_Equity_Funds_in_Indian_Insurance_Companies_.pdf,Guideline,gold,https://irdai.gov.in/documents/37343/366029/IRDAI+%28Investment+by+Private+Equity+Funds+in+Indian+Insurance+Companies%29.pdf/74e12e74-c455-3327-cbb3-02037ccb5291?version=1.1&t=1665039237047&download=true,https://irdai.gov.in/guidelines?p_p_id=com_irdai_document_media_IRDAIDocumentMediaPortlet&p_p_lifecycle=0&p_p_state=normal&p_p_mode=view&_com_irdai_document_media_IRDAIDocumentMediaPortlet_delta=20&_com_irdai_document_media_IRDAIDocumentMediaPortlet_resetCur=false&_com_irdai_document_media_IRDAIDocumentMediaPortlet_cur=3,IRDAI (Investment by Private Equity Funds in Indian Insurance Companies).pdf,1.1,1665039237,2026-08-02 09:29:37,5469.9,73fad7c78a9aec1ec7c91c19e834d5b5,false
Guidelines_on_Motor_Insurance_Service_Provider.pdf,Guideline,gold,https://irdai.gov.in/documents/37343/366029/Guidelines+on+Motor+Insurance+Service+Provider.pdf/4e4f54be-10e3-3366-58df-00329239eeb7?version=1.0&t=1631530716589&download=true,https://irdai.gov.in/guidelines?p_p_id=com_irdai_document_media_IRDAIDocumentMediaPortlet&p_p_lifecycle=0&p_p_state=normal&p_p_mode=view&_com_irdai_document_media_IRDAIDocumentMediaPortlet_delta=20&_com_irdai_document_media_IRDAIDocumentMediaPortlet_resetCur=false&_com_irdai_document_media_IRDAIDocumentMediaPortlet_cur=3,Guidelines on Motor Insurance Service Provider.pdf,1.0,1631530716,2026-08-02 09:29:44,9110.2,180c707646baa157280f188fb530f8b7,false
Specific_directions_guidelines_regarding_Banking_Sector_and_Insurance.pdf,Guideline,gold,https://irdai.gov.in/documents/37343/366029/Specific+directions+%26+guidelines+regarding+Banking+Sector+and+Insurance.pdf/255796d9-7a12-0ae2-db25-d0069c50b222?version=2.1&t=1665039315280&download=true,https://irdai.gov.in/guidelines?p_p_id=com_irdai_document_media_IRDAIDocumentMediaPortlet&p_p_lifecycle=0&p_p_state=normal&p_p_mode=view&_com_irdai_document_media_IRDAIDocumentMediaPortlet_delta=20&_com_irdai_document_media_IRDAIDocumentMediaPortlet_resetCur=false&_com_irdai_document_media_IRDAIDocumentMediaPortlet_cur=3,Specific directions & guidelines regarding Banking Sector and Insurance.pdf,2.1,1665039315,2026-08-02 09:29:46,103.2,bd9bc8c59bde918e881ad1e7ce2a07dd,false
Guidelines_on_Transitory_Provisions_under_IRDAI_Appointed_Actuary_.pdf,Guideline,gold,https://irdai.gov.in/documents/37343/366029/Guidelines+on+Transitory+Provisions+under+IRDAI+%28Appointed+Actuary%29.pdf/5bc8fdb4-0ac7-3b19-aa21-e9e1e3c9df54?version=2.0&t=1638761260615&download=true,https://irdai.gov.in/guidelines?p_p_id=com_irdai_document_media_IRDAIDocumentMediaPortlet&p_p_lifecycle=0&p_p_state=normal&p_p_mode=view&_com_irdai_document_media_IRDAIDocumentMediaPortlet_delta=20&_com_irdai_document_media_IRDAIDocumentMediaPortlet_resetCur=false&_com_irdai_document_media_IRDAIDocumentMediaPortlet_cur=3,Guidelines on Transitory Provisions under IRDAI (Appointed Actuary).pdf,2.0,1638761260,2026-08-02 09:29:49,6217.7,65871ccc63b6ead517659e9517c88048,false
Guidelines_on_Stewardship_Code_for_Insurers_in_India.pdf,Guideline,gold,https://irdai.gov.in/documents/37343/366029/Guidelines+on+Stewardship+Code+for+Insurers+in+India.pdf/86113039-dfdd-8316-b842-42227a177770?version=2.1&t=1665039512102&download=true,https://irdai.gov.in/guidelines?p_p_id=com_irdai_document_media_IRDAIDocumentMediaPortlet&p_p_lifecycle=0&p_p_state=normal&p_p_mode=view&_com_irdai_document_media_IRDAIDocumentMediaPortlet_delta=20&_com_irdai_document_media_IRDAIDocumentMediaPortlet_resetCur=false&_com_irdai_document_media_IRDAIDocumentMediaPortlet_cur=3,Guidelines on Stewardship Code for Insurers in India.pdf,2.1,1665039512,2026-08-02 09:29:51,815.7,8fd1721056573bee9ac01e418295454a,false
Guidelines_on_insurance_e-commerce.pdf,Guideline,gold,https://irdai.gov.in/documents/37343/366029/Guidelines+on+insurance+e-commerce.pdf/c04acf6f-14aa-d9f6-f768-74eb5a2b8d85?version=1.1&t=1665039626102&download=true,https://irdai.gov.in/guidelines?p_p_id=com_irdai_document_media_IRDAIDocumentMediaPortlet&p_p_lifecycle=0&p_p_state=normal&p_p_mode=view&_com_irdai_document_media_IRDAIDocumentMediaPortlet_delta=20&_com_irdai_document_media_IRDAIDocumentMediaPortlet_resetCur=false&_com_irdai_document_media_IRDAIDocumentMediaPortlet_cur=3,Guidelines on insurance e-commerce.pdf,1.1,1665039626,2026-08-02 09:29:54,5552.3,997a639c4c1ba51fdbb27ca211af4a46,false
Operational_guidelines_for_Foreign_Reinsurers_Branches.pdf,Guideline,gold,https://irdai.gov.in/documents/37343/366029/Operational+guidelines+for+Foreign+Reinsurers%E2%80%99+Branches.pdf/66f3d637-f0ab-c3c4-9f58-9195f01869db?version=1.2&t=1665039712795&download=true,https://irdai.gov.in/guidelines?p_p_id=com_irdai_document_media_IRDAIDocumentMediaPortlet&p_p_lifecycle=0&p_p_state=normal&p_p_mode=view&_com_irdai_document_media_IRDAIDocumentMediaPortlet_delta=20&_com_irdai_document_media_IRDAIDocumentMediaPortlet_resetCur=false&_com_irdai_document_media_IRDAIDocumentMediaPortlet_cur=3,Operational guidelines for Foreign Reinsurers’ Branches.pdf,1.2,1665039712,2026-08-02 09:29:57,1963.8,e06a19551253d572fc9f85995deec14f,false
Guidelines_on_Point_of_Sales_POS_Life_Insurance_Products.pdf,Guideline,gold,https://irdai.gov.in/documents/37343/366029/Guidelines+on+Point+of+Sales+%28POS%29+%E2%80%93Life+Insurance+Products.pdf/ea3f2f2e-8cd6-7329-55e2-50beabb30c18?version=1.1&t=1665039796689&download=true,https://irdai.gov.in/guidelines?p_p_id=com_irdai_document_media_IRDAIDocumentMediaPortlet&p_p_lifecycle=0&p_p_state=normal&p_p_mode=view&_com_irdai_document_media_IRDAIDocumentMediaPortlet_delta=20&_com_irdai_document_media_IRDAIDocumentMediaPortlet_resetCur=false&_com_irdai_document_media_IRDAIDocumentMediaPortlet_cur=3,Guidelines on Point of Sales (POS) –Life Insurance Products.pdf,1.1,1665039796,2026-08-02 09:30:00,3369.8,bc89602780d5216d858dfde3268bdb18,false
Guidelines_on_Point_of_Sales_Person_Life_Insurance.pdf,Guideline,gold,https://irdai.gov.in/documents/37343/366029/Guidelines+on+Point+of+Sales+Person+%E2%80%93+Life+Insurance.pdf/847f0f30-2304-6de0-3b9d-655a3f14e6b0?version=1.1&t=1665039900973&download=true,https://irdai.gov.in/guidelines?p_p_id=com_irdai_document_media_IRDAIDocumentMediaPortlet&p_p_lifecycle=0&p_p_state=normal&p_p_mode=view&_com_irdai_document_media_IRDAIDocumentMediaPortlet_delta=20&_com_irdai_document_media_IRDAIDocumentMediaPortlet_resetCur=false&_com_irdai_document_media_IRDAIDocumentMediaPortlet_cur=3,Guidelines on Point of Sales Person – Life Insurance.pdf,1.1,1665039900,2026-08-02 09:30:02,1948.8,2fa4511fd4d8128ab2e370b4505f5dd1,false
GUIDELINES_FOR_INTENSIVE_EXAMINATION_OF_PUBLIC_PROCUREMENT_CONTRACTS_BY.pdf,Guideline,gold,https://irdai.gov.in/documents/37343/366029/GUIDELINES+FOR+INTENSIVE+EXAMINATION+OF+PUBLIC+PROCUREMENT+CONTRACTS+BY.pdf/f101a1bc-7bea-32f2-360f-539dfb54ccc4?version=1.0&t=1631530003465&download=true,https://irdai.gov.in/guidelines?p_p_id=com_irdai_document_media_IRDAIDocumentMediaPortlet&p_p_lifecycle=0&p_p_state=normal&p_p_mode=view&_com_irdai_document_media_IRDAIDocumentMediaPortlet_delta=20&_com_irdai_document_media_IRDAIDocumentMediaPortlet_resetCur=false&_com_irdai_document_media_IRDAIDocumentMediaPortlet_cur=3,GUIDELINES FOR INTENSIVE EXAMINATION OF PUBLIC PROCUREMENT CONTRACTS BY.pdf,1.0,1631530003,2026-08-02 09:30:04,184.0,e4c9346758aada861505efecdb1f8e1d,false
PREPRATATION_OF_INVESTMENT_RETURNS.pdf,Guideline,gold,https://irdai.gov.in/documents/37343/366029/PREPRATATION+OF+INVESTMENT+RETURNS.pdf/7b124f63-5bd6-7c04-5f0c-08d4b0f0ab98?version=1.1&t=1665039978324&download=true,https://irdai.gov.in/guidelines?p_p_id=com_irdai_document_media_IRDAIDocumentMediaPortlet&p_p_lifecycle=0&p_p_state=normal&p_p_mode=view&_com_irdai_document_media_IRDAIDocumentMediaPortlet_delta=20&_com_irdai_document_media_IRDAIDocumentMediaPortlet_resetCur=false&_com_irdai_document_media_IRDAIDocumentMediaPortlet_cur=3,PREPRATATION OF INVESTMENT RETURNS.pdf,1.1,1665039978,2026-08-02 09:30:06,1044.2,fef03c18788c97b7e47233e4b1030dd9,false
Guidelines_on_Remuneration_of_Non-executive_Directors_and_Managing_Director.pdf,Guideline,gold,https://irdai.gov.in/documents/37343/366029/Guidelines+on+Remuneration+of+Non-executive+Directors+and+Managing+Director.pdf/8414fd63-dc39-3308-97c5-08209b16b50b?version=1.1&t=1665040063402&download=true,https://irdai.gov.in/guidelines?p_p_id=com_irdai_document_media_IRDAIDocumentMediaPortlet&p_p_lifecycle=0&p_p_state=normal&p_p_mode=view&_com_irdai_document_media_IRDAIDocumentMediaPortlet_delta=20&_com_irdai_document_media_IRDAIDocumentMediaPortlet_resetCur=false&_com_irdai_document_media_IRDAIDocumentMediaPortlet_cur=3,Guidelines on Remuneration of Non-executive Directors and Managing Director.pdf,1.1,1665040063,2026-08-02 09:30:13,9027.7,9d59e4f2320becd23ba3483a939c1db5,false
IRDAI_Listed_Indian_Insurance_Companies_Guidelines_2016.pdf,Guideline,gold,https://irdai.gov.in/documents/37343/366029/IRDAI+%28Listed+Indian+Insurance+Companies%29+Guidelines%2C+2016.pdf/409474e0-ff44-32b2-eade-36e74f8bd535?version=2.1&t=1665040140274&download=true,https://irdai.gov.in/guidelines?p_p_id=com_irdai_document_media_IRDAIDocumentMediaPortlet&p_p_lifecycle=0&p_p_state=normal&p_p_mode=view&_com_irdai_document_media_IRDAIDocumentMediaPortlet_delta=20&_com_irdai_document_media_IRDAIDocumentMediaPortlet_resetCur=false&_com_irdai_document_media_IRDAIDocumentMediaPortlet_cur=3,"IRDAI (Listed Indian Insurance Companies) Guidelines, 2016.pdf",2.1,1665040140,2026-08-02 09:30:24,19050.0,e2a95f0da327647e300a96aa825c59cd,false
Guidelines_on_Product_Filing_in_Health_Insurance_Business.pdf,Guideline,gold,https://irdai.gov.in/documents/37343/366029/Guidelines+on+Product+Filing+in+Health+Insurance+Business.pdf/5bad1a4e-2175-03ab-1dd1-1d603342b8ce?version=1.2&t=1665040335877&download=true,https://irdai.gov.in/guidelines?p_p_id=com_irdai_document_media_IRDAIDocumentMediaPortlet&p_p_lifecycle=0&p_p_state=normal&p_p_mode=view&_com_irdai_document_media_IRDAIDocumentMediaPortlet_delta=20&_com_irdai_document_media_IRDAIDocumentMediaPortlet_resetCur=false&_com_irdai_document_media_IRDAIDocumentMediaPortlet_cur=3,Guidelines on Product Filing in Health Insurance Business.pdf,1.2,1665040335,2026-08-02 09:30:26,983.7,7148063a3d13d542789412be56d1bea1,false
Addendum_-_Guidelines_for_Corporate_Governance_for_Insurers_in_India.pdf,Guideline,gold,https://irdai.gov.in/documents/37343/366029/Addendum+-+Guidelines+for+Corporate+Governance+for+Insurers+in+India.pdf/bb2f6cf7-02e7-9e08-79aa-20ab23f7dfe2?version=1.1&t=1665040699327&download=true,https://irdai.gov.in/guidelines?p_p_id=com_irdai_document_media_IRDAIDocumentMediaPortlet&p_p_lifecycle=0&p_p_state=normal&p_p_mode=view&_com_irdai_document_media_IRDAIDocumentMediaPortlet_delta=20&_com_irdai_document_media_IRDAIDocumentMediaPortlet_resetCur=false&_com_irdai_document_media_IRDAIDocumentMediaPortlet_cur=4,Addendum - Guidelines for Corporate Governance for Insurers in India.pdf,1.1,1665040699,2026-08-02 09:30:30,624.7,741cfbd9467d01fff0aaabef992d6326,false
Guidelines_for_Corporate_Governance_for_insurers_in_India.pdf,Guideline,gold,https://irdai.gov.in/documents/37343/366029/Guidelines+for+Corporate+Governance+for+insurers+in+India.pdf/2b004bf7-dbc1-864e-dfda-fb458398712c?version=1.1&t=1665040852837&download=true,https://irdai.gov.in/guidelines?p_p_id=com_irdai_document_media_IRDAIDocumentMediaPortlet&p_p_lifecycle=0&p_p_state=normal&p_p_mode=view&_com_irdai_document_media_IRDAIDocumentMediaPortlet_delta=20&_com_irdai_document_media_IRDAIDocumentMediaPortlet_resetCur=false&_com_irdai_document_media_IRDAIDocumentMediaPortlet_cur=4,Guidelines for Corporate Governance for insurers in India.pdf,1.1,1665040852,2026-08-02 09:30:32,1641.4,d0b1ae901aefd84c399520e3ce574e36,false
Clarifications_on_Guidelines_on_Cross_Border_Reinsurers.pdf,Guideline,gold,https://irdai.gov.in/documents/37343/366029/Clarifications+on+Guidelines+on+Cross+Border+Reinsurers.pdf/93ea95ce-e8dd-e839-b602-45f42dc8d52d?version=1.2&t=1665041060155&download=true,https://irdai.gov.in/guidelines?p_p_id=com_irdai_document_media_IRDAIDocumentMediaPortlet&p_p_lifecycle=0&p_p_state=normal&p_p_mode=view&_com_irdai_document_media_IRDAIDocumentMediaPortlet_delta=20&_com_irdai_document_media_IRDAIDocumentMediaPortlet_resetCur=false&_com_irdai_document_media_IRDAIDocumentMediaPortlet_cur=4,Clarifications on Guidelines on Cross Border Reinsurers.pdf,1.2,1665041060,2026-08-02 09:30:34,564.3,0d9c19b49896901001f752717e27367b,false
Guidelines_on_Appointment_of_Appointed_Actuaries_and_their_Mentors.pdf,Guideline,gold,https://irdai.gov.in/documents/37343/366029/Guidelines+on+Appointment+of+Appointed+Actuaries+and+their+Mentors.pdf/413eadef-a605-923b-8582-f6e7b5b61f2e?version=1.1&t=1665041153592&download=true,https://irdai.gov.in/guidelines?p_p_id=com_irdai_document_media_IRDAIDocumentMediaPortlet&p_p_lifecycle=0&p_p_state=normal&p_p_mode=view&_com_irdai_document_media_IRDAIDocumentMediaPortlet_delta=20&_com_irdai_document_media_IRDAIDocumentMediaPortlet_resetCur=false&_com_irdai_document_media_IRDAIDocumentMediaPortlet_cur=4,Guidelines on Appointment of Appointed Actuaries and their Mentors.pdf,1.1,1665041153,2026-08-02 09:30:37,2342.5,b03c5dba807148d93d9c2d79f0e07f6a,false
Guidelines_on_Product_Filing_Procedures_for_General_Insurance_Products.pdf,Guideline,gold,https://irdai.gov.in/documents/37343/366029/Guidelines+on+Product+Filing+Procedures+for+General+Insurance+Products.pdf/73c7445b-30f8-cb5c-3f74-213117793dd8?version=1.1&t=1665041332985&download=true,https://irdai.gov.in/guidelines?p_p_id=com_irdai_document_media_IRDAIDocumentMediaPortlet&p_p_lifecycle=0&p_p_state=normal&p_p_mode=view&_com_irdai_document_media_IRDAIDocumentMediaPortlet_delta=20&_com_irdai_document_media_IRDAIDocumentMediaPortlet_resetCur=false&_com_irdai_document_media_IRDAIDocumentMediaPortlet_cur=4,Guidelines on Product Filing Procedures for General Insurance Products.pdf,1.1,1665041332,2026-08-02 09:30:52,677.7,eead895eafb911472cefc78eb6ffb74d,false
Guidelines_on_Cross_Border_Reinsurers.pdf,Guideline,gold,https://irdai.gov.in/documents/37343/366029/Guidelines+on+Cross+Border+Reinsurers.pdf/157d5064-a08f-1436-db63-0b430fee7dae?version=2.1&t=1665042162269&download=true,https://irdai.gov.in/guidelines?p_p_id=com_irdai_document_media_IRDAIDocumentMediaPortlet&p_p_lifecycle=0&p_p_state=normal&p_p_mode=view&_com_irdai_document_media_IRDAIDocumentMediaPortlet_delta=20&_com_irdai_document_media_IRDAIDocumentMediaPortlet_resetCur=false&_com_irdai_document_media_IRDAIDocumentMediaPortlet_cur=4,Guidelines on Cross Border Reinsurers.pdf,2.1,1665042162,2026-08-02 09:30:54,186.8,e0906a545deee934c3a4fad147c7648c,false
Guidelines_on_settlement_of_Insurance_Claims_of_victims_of_recent_Floods_in_Dec_2015.pdf,Guideline,gold,https://irdai.gov.in/documents/37343/366029/Guidelines+on+settlement+of+Insurance+Claims+of+victims+of+recent+Floods+in%2C+Dec+2015.pdf/df80a34b-4343-1284-fe0b-84c8a7363d13?version=1.1&t=1665042269646&download=true,https://irdai.gov.in/guidelines?p_p_id=com_irdai_document_media_IRDAIDocumentMediaPortlet&p_p_lifecycle=0&p_p_state=normal&p_p_mode=view&_com_irdai_document_media_IRDAIDocumentMediaPortlet_delta=20&_com_irdai_document_media_IRDAIDocumentMediaPortlet_resetCur=false&_com_irdai_document_media_IRDAIDocumentMediaPortlet_cur=4,"Guidelines on settlement of Insurance Claims of victims of recent Floods in, Dec 2015.pdf",1.1,1665042269,2026-08-02 09:30:55,122.9,040194c3ed8acf92f5125cf5151746a0,false
Guidelines_on_Indian_Owned_and_Controlled_for_Insurance_Intermediaries.pdf,Guideline,gold,https://irdai.gov.in/documents/37343/366029/Guidelines+on+Indian+Owned+and+Controlled+for+Insurance+Intermediaries.pdf/5a700c1e-d465-edc8-947c-c2999884e6bd?version=1.3&t=1639266551110&download=true,https://irdai.gov.in/guidelines?p_p_id=com_irdai_document_media_IRDAIDocumentMediaPortlet&p_p_lifecycle=0&p_p_state=normal&p_p_mode=view&_com_irdai_document_media_IRDAIDocumentMediaPortlet_delta=20&_com_irdai_document_media_IRDAIDocumentMediaPortlet_resetCur=false&_com_irdai_document_media_IRDAIDocumentMediaPortlet_cur=4,Guidelines on Indian Owned and Controlled for Insurance Intermediaries.pdf,1.3,1639266551,2026-08-02 09:30:57,610.0,d46e940365dc913707d17753ae3c0567,false
Instructions_for_obtaining_Certificate_of_Registration_under_IRDAI.pdf,Guideline,gold,https://irdai.gov.in/documents/37343/366029/Instructions+for+obtaining+Certificate+of+Registration+under+IRDAI.pdf/1f0369e8-a791-c80f-980c-7d9615365b0e?version=1.1&t=1639199544324&download=true,https://irdai.gov.in/guidelines?p_p_id=com_irdai_document_media_IRDAIDocumentMediaPortlet&p_p_lifecycle=0&p_p_state=normal&p_p_mode=view&_com_irdai_document_media_IRDAIDocumentMediaPortlet_delta=20&_com_irdai_document_media_IRDAIDocumentMediaPortlet_resetCur=false&_com_irdai_document_media_IRDAIDocumentMediaPortlet_cur=4,Instructions for obtaining Certificate of Registration under IRDAI.pdf,1.1,1639199544,2026-08-02 09:31:00,1310.8,096036f77dbce937613fbf1903529c2a,false
Applicability_of_provisions_of_Sec_45_of_Insurance_Act_1938_in_various.pdf,Guideline,gold,https://irdai.gov.in/documents/37343/366029/Applicability+of+provisions+of+Sec+45+of+Insurance+Act+1938+in+various.pdf/2308203e-6d04-0d3d-b413-78e8678f702f?version=1.1&t=1665040952277&download=true,https://irdai.gov.in/guidelines?p_p_id=com_irdai_document_media_IRDAIDocumentMediaPortlet&p_p_lifecycle=0&p_p_state=normal&p_p_mode=view&_com_irdai_document_media_IRDAIDocumentMediaPortlet_delta=20&_com_irdai_document_media_IRDAIDocumentMediaPortlet_resetCur=false&_com_irdai_document_media_IRDAIDocumentMediaPortlet_cur=4,Applicability of provisions of Sec 45 of Insurance Act 1938 in various.pdf,1.1,1665040952,2026-08-02 09:31:02,1513.0,fe9d74e24c61a9af0f7640b5cd4de4f5,false
Guidelines_on_Point_of_Sales_Person_-_Non-Life_Health_Insurers.pdf,Guideline,gold,https://irdai.gov.in/documents/37343/366029/Guidelines+on+Point+of+Sales+Person+-+Non-Life+%26+Health+Insurers.pdf/826d7d56-3ae5-2909-94e5-860b87d223fc?version=1.1&t=1665039141719&download=true,https://irdai.gov.in/guidelines?p_p_id=com_irdai_document_media_IRDAIDocumentMediaPortlet&p_p_lifecycle=0&p_p_state=normal&p_p_mode=view&_com_irdai_document_media_IRDAIDocumentMediaPortlet_delta=20&_com_irdai_document_media_IRDAIDocumentMediaPortlet_resetCur=false&_com_irdai_document_media_IRDAIDocumentMediaPortlet_cur=4,Guidelines on Point of Sales Person - Non-Life & Health Insurers.pdf,1.1,1665039141,2026-08-02 09:31:04,48.7,009f489372eda04911336925877b0c31,false
Guidelines_on_Indian_owned_and_controlled.pdf,Guideline,gold,https://irdai.gov.in/documents/37343/366029/Guidelines+on+Indian+owned+and+controlled.pdf/8e136eb3-ad4a-3554-ab72-aa4c9b53de27?version=1.1&t=1665039067636&download=true,https://irdai.gov.in/guidelines?p_p_id=com_irdai_document_media_IRDAIDocumentMediaPortlet&p_p_lifecycle=0&p_p_state=normal&p_p_mode=view&_com_irdai_document_media_IRDAIDocumentMediaPortlet_delta=20&_com_irdai_document_media_IRDAIDocumentMediaPortlet_resetCur=false&_com_irdai_document_media_IRDAIDocumentMediaPortlet_cur=4,Guidelines on Indian owned and controlled.pdf,1.1,1665039067,2026-08-02 09:31:07,2890.7,f3d414f86f16dc57b9d999fe74f1db0b,false
Guidelines_on_Investment_in_Exchange_Traded_Funds_with_G_Sec_Underlying_GI.pdf,Guideline,gold,https://irdai.gov.in/documents/37343/366029/Guidelines+on+Investment+in+Exchange+Traded+Funds+with+G+Sec+Underlying+%28GI.pdf/cfdf9074-60e8-b0e8-67c0-d8611ada391a?version=1.1&t=1665037947284&download=true,https://irdai.gov.in/guidelines?p_p_id=com_irdai_document_media_IRDAIDocumentMediaPortlet&p_p_lifecycle=0&p_p_state=normal&p_p_mode=view&_com_irdai_document_media_IRDAIDocumentMediaPortlet_delta=20&_com_irdai_document_media_IRDAIDocumentMediaPortlet_resetCur=false&_com_irdai_document_media_IRDAIDocumentMediaPortlet_cur=4,Guidelines on Investment in Exchange Traded Funds with G Sec Underlying (GI.pdf,1.1,1665037947,2026-08-02 09:31:09,416.6,cceac8ef5f6e26bcbfa2057e99a9da32,false
Revised_Guidelines_on_Insurance_Repositories_and_electronic_issuance_of.pdf,Guideline,gold,https://irdai.gov.in/documents/37343/366029/Revised+Guidelines+on+Insurance+Repositories+and+electronic+issuance+of.pdf/c9af3c88-7e58-b171-0975-cad8912a67a3?version=2.1&t=1665037580646&download=true,https://irdai.gov.in/guidelines?p_p_id=com_irdai_document_media_IRDAIDocumentMediaPortlet&p_p_lifecycle=0&p_p_state=normal&p_p_mode=view&_com_irdai_document_media_IRDAIDocumentMediaPortlet_delta=20&_com_irdai_document_media_IRDAIDocumentMediaPortlet_resetCur=false&_com_irdai_document_media_IRDAIDocumentMediaPortlet_cur=4,Revised Guidelines on Insurance Repositories and electronic issuance of.pdf,2.1,1665037580,2026-08-02 09:31:12,1534.7,37b3023d93dcddd8a26c104be997d4fe,false
Guidelines_on_Participation_in_Electronic_Transaction_Administration.pdf,Guideline,gold,https://irdai.gov.in/documents/37343/366029/Guidelines+on+Participation+in+Electronic+Transaction+Administration.pdf/9718a130-6d1e-224f-a415-7a5b0e21211a?version=1.1&t=1665037501214&download=true,https://irdai.gov.in/guidelines?p_p_id=com_irdai_document_media_IRDAIDocumentMediaPortlet&p_p_lifecycle=0&p_p_state=normal&p_p_mode=view&_com_irdai_document_media_IRDAIDocumentMediaPortlet_delta=20&_com_irdai_document_media_IRDAIDocumentMediaPortlet_resetCur=false&_com_irdai_document_media_IRDAIDocumentMediaPortlet_cur=4,Guidelines on Participation in Electronic Transaction Administration.pdf,1.1,1665037501,2026-08-02 09:31:14,1018.5,efe8a80b50430fd244811fc0ef3cbe8e,false
IRDAI_International_Financial_Service_Centre_Guidelines_2015.pdf,Guideline,gold,https://irdai.gov.in/documents/37343/366029/IRDAI+%28International+Financial+Service+Centre%29+Guidelines%2C+2015.pdf/93db2379-f516-1385-045f-955accbd2b1f?version=1.3&t=1665037399557&download=true,https://irdai.gov.in/guidelines?p_p_id=com_irdai_document_media_IRDAIDocumentMediaPortlet&p_p_lifecycle=0&p_p_state=normal&p_p_mode=view&_com_irdai_document_media_IRDAIDocumentMediaPortlet_delta=20&_com_irdai_document_media_IRDAIDocumentMediaPortlet_resetCur=false&_com_irdai_document_media_IRDAIDocumentMediaPortlet_cur=4,"IRDAI (International Financial Service Centre) Guidelines, 2015.pdf",1.3,1665037399,2026-08-02 09:31:16,649.6,18925cc2bbb9cffac4cccc9f487577ae,false
Guidelines_on_Appointment_of_Insurance_Agents_2015_Instructions_to_Insurer.pdf,Guideline,gold,https://irdai.gov.in/documents/37343/366029/Guidelines+on+Appointment+of+Insurance+Agents+2015+%E2%80%93Instructions+to+Insurer.pdf/eaf05c6d-ccc4-1092-7f7b-c0ad141527f2?version=1.3&t=1643082847246&download=true,https://irdai.gov.in/guidelines?p_p_id=com_irdai_document_media_IRDAIDocumentMediaPortlet&p_p_lifecycle=0&p_p_state=normal&p_p_mode=view&_com_irdai_document_media_IRDAIDocumentMediaPortlet_delta=20&_com_irdai_document_media_IRDAIDocumentMediaPortlet_resetCur=false&_com_irdai_document_media_IRDAIDocumentMediaPortlet_cur=4,Guidelines on Appointment of Insurance Agents 2015 –Instructions to Insurer.pdf,1.3,1643082847,2026-08-02 09:31:19,1501.2,9e666e2481db7c0c4bad6f752a3bcb87,false
Annexures_A_B_of_Guidelines_on_Remuneration_of_Directors_and_Key_Managerial_Persons_of_Insurers.pdf,Guideline,gold,https://irdai.gov.in/documents/37343/366029/Annexures+A%26B+of+Guidelines+on+Remuneration+of+Directors+and+Key+Managerial+Persons+of+Insurers.pdf/4c8877e4-9b85-47e2-c32c-98e122c1366c?version=1.0&t=1688131064409&download=true,https://irdai.gov.in/guidelines?p_p_id=com_irdai_document_media_IRDAIDocumentMediaPortlet&p_p_lifecycle=0&p_p_state=normal&p_p_mode=view&_com_irdai_document_media_IRDAIDocumentMediaPortlet_delta=20&_com_irdai_document_media_IRDAIDocumentMediaPortlet_resetCur=false&_com_irdai_document_media_IRDAIDocumentMediaPortlet_cur=5,Annexures A&B of Guidelines on Remuneration of Directors and Key Managerial Persons of Insurers.pdf,1.0,1688131064,2026-08-02 09:31:23,5838.8,522c5a38f56b556ce9a5753e356b923e,false
Guidelines_on_Rationalization_of_Provisions_of_erstwhile_All_India_Motor_Tariff.pdf,Guideline,gold,https://irdai.gov.in/documents/37343/366029/Guidelines+on+Rationalization+of+Provisions+of+erstwhile+All+India+Motor+Tariff.pdf/d6e858bc-e2ab-f5fd-4f1f-39f530911af0?version=1.0&t=1769172366748&download=true,https://irdai.gov.in/guidelines?p_p_id=com_irdai_document_media_IRDAIDocumentMediaPortlet&p_p_lifecycle=0&p_p_state=normal&p_p_mode=view&_com_irdai_document_media_IRDAIDocumentMediaPortlet_delta=20&_com_irdai_document_media_IRDAIDocumentMediaPortlet_resetCur=false&_com_irdai_document_media_IRDAIDocumentMediaPortlet_cur=5,Guidelines on Rationalization of Provisions of erstwhile All India Motor Tariff.pdf,1.0,1769172366,2026-08-02 09:31:25,300.5,c415d6cc34343236ca8b3576d6b2ceac,false
Annexure_A.pdf,Guideline,gold,https://irdai.gov.in/documents/37343/366029/Annexure+A.pdf/f63588d8-671e-0058-77de-5ca362b94971?version=2.0&t=1777012112169&download=true,https://irdai.gov.in/guidelines?p_p_id=com_irdai_document_media_IRDAIDocumentMediaPortlet&p_p_lifecycle=0&p_p_state=normal&p_p_mode=view&_com_irdai_document_media_IRDAIDocumentMediaPortlet_delta=20&_com_irdai_document_media_IRDAIDocumentMediaPortlet_resetCur=false&_com_irdai_document_media_IRDAIDocumentMediaPortlet_cur=5,Annexure A.pdf,2.0,1777012112,2026-08-02 09:31:30,583.2,34b61fc7cd2cbe42f9efc0e8f03aa7c9,false
office_order_on_Reconsitution_of_Insurance_Ombudsmen_Advisory_committee.pdf,Order,silver,https://irdai.gov.in/documents/37343/365561/office+order+on+Reconsitution+of++Insurance+Ombudsmen+Advisory+committee.pdf/6469a5bc-5e3f-c68f-a9b2-0f328c2cf6c8?version=1.0&t=1686830027223&download=true,https://irdai.gov.in/orders1?p_p_id=com_irdai_document_media_IRDAIDocumentMediaPortlet&p_p_lifecycle=0&p_p_state=normal&p_p_mode=view&_com_irdai_document_media_IRDAIDocumentMediaPortlet_delta=20&_com_irdai_document_media_IRDAIDocumentMediaPortlet_resetCur=false&_com_irdai_document_media_IRDAIDocumentMediaPortlet_cur=2,office order on Reconsitution of  Insurance Ombudsmen Advisory committee.pdf,1.0,1686830027,2026-08-02 09:31:32,429.2,eb64d5c3fec2a7e92fdd897844110923,false
IRDAI_Manner_and_Procedure_for_imposing_penalties_Regulations_2026.pdf,Regulation,gold,https://irdai.gov.in/documents/37343/366405/IRDAI+%28Manner+and+Procedure+for+imposing+penalties%29+Regulations%2C+2026.pdf/04bdaf52-bcdc-c7d3-ee78-f407401f62df?version=1.1&t=1785736374877&download=true,https://irdai.gov.in/consolidated-gazette-notified-regulations,"IRDAI (Manner and Procedure for imposing penalties) Regulations, 2026.pdf",1.1,1785736374,2026-08-09 02:21:47,917.9,3e4c91ac7677d7fb642b2eacc9ca9430,false
Insurance_Regulatory_and_Development_Authority_of_India_Policyholders_Education_and_Protection_Fund_Regulations_2026.pdf,Regulation,gold,https://irdai.gov.in/documents/37343/366405/Insurance+Regulatory+and+Development+Authority+of+India+%28Policyholders%E2%80%99+Education+and+Protection+Fund%29+Regulations%2C+2026.pdf/c6663b2c-d6c7-01d8-7629-d0b5c81b718f?version=2.0&t=1785735947710&download=true,https://irdai.gov.in/consolidated-gazette-notified-regulations,"Insurance Regulatory and Development Authority of India (Policyholders’ Education and Protection Fund) Regulations, 2026.pdf",2.0,1785735947,2026-08-09 02:21:58,3884.4,23bcff3e04e1292459b7411cf1c97690,false
IRDAI_Insurance_Intermediaries_Amendment_Regulations_2026.pdf,Regulation,gold,https://irdai.gov.in/documents/37343/366405/IRDAI+%28Insurance+Intermediaries%29+%28Amendment%29+Regulations%2C+2026.pdf/4961106d-b7f4-c117-a302-4bf3ef9356c5?version=1.0&t=1785736027526&download=true,https://irdai.gov.in/consolidated-gazette-notified-regulations,"IRDAI (Insurance Intermediaries) (Amendment) Regulations, 2026.pdf",1.0,1785736027,2026-08-09 02:22:01,3326.9,32a3736bf2c822e69c73f94bb0a61129,false
IRDAI_Third_Party_Administrators_Health_Services_Amendment_Regulations_2026.pdf,Regulation,gold,https://irdai.gov.in/documents/37343/366405/IRDAI+%28Third+Party+Administrators+%E2%80%93+Health+Services%29+%28Amendment%29+Regulations%2C+2026.pdf/74ec2d16-6d9d-cb31-4780-2eb74169c58e?version=1.0&t=1785737695021&download=true,https://irdai.gov.in/consolidated-gazette-notified-regulations,"IRDAI (Third Party Administrators – Health Services) (Amendment) Regulations, 2026.pdf",1.0,1785737695,2026-08-09 02:22:03,905.5,93df925271f8d996bd440345e94d7d89,false
IRDAI_Insurance_Surveyors_and_Loss_Assessors_Amendment_Regulations_2026.pdf,Regulation,gold,https://irdai.gov.in/documents/37343/366405/IRDAI+%28Insurance+Surveyors+and+Loss+Assessors%29+%28Amendment%29+Regulations%2C+2026.pdf/6cf83cf3-4686-11f3-d556-07b645a15603?version=2.1&t=1785738356968&download=true,https://irdai.gov.in/consolidated-gazette-notified-regulations,"IRDAI (Insurance Surveyors and Loss Assessors) (Amendment) Regulations, 2026.pdf",2.1,1785738356,2026-08-09 02:22:07,4219.8,fcc4646d87f35a80b965fc01161d27ca,false
IRDAI_Actuarial_Finance_and_Investment_Functions_of_Insurers_Second_Amendment_Regulations_2026.pdf,Regulation,gold,https://irdai.gov.in/documents/37343/366405/IRDAI+%28Actuarial%2C+Finance+and+Investment+Functions+of+Insurers%29+%28Second+Amendment%29+Regulations%2C+2026.pdf/3e1a85b8-ee26-8405-bc6b-c97a6a3250aa?version=1.1&t=1785735756920&download=true,https://irdai.gov.in/consolidated-gazette-notified-regulations,"IRDAI (Actuarial, Finance and Investment Functions of Insurers) (Second Amendment) Regulations, 2026.pdf",1.1,1785735756,2026-08-09 02:22:10,4052.4,2d6ffa8f8ddf343dc0557cdd9addef05,false
Circular_-_Submission_of_information_by_insurers_on_monthly_basis_for_the_purpose_of_Index_of_Service_Production.pdf,Circular,silver,https://irdai.gov.in/documents/37343/365525/Circular++-+Submission+of+information+by+insurers+on+monthly+basis+for+the+purpose+of+Index+of+Service+Production.pdf/20abad53-2ffb-d147-6011-cba2a2e67a39?version=1.0&t=1786102198935&download=true,https://irdai.gov.in/circulars,Circular  - Submission of information by insurers on monthly basis for the purpose of Index of Service Production.pdf,1.0,1786102198,2026-08-09 02:22:28,393.8,9c02cead6f78be46d1a1a44bccd0015a,false
Annexure_B_-_Data_Template_for_General_and_Health_Insurers.pdf,Circular,silver,https://irdai.gov.in/documents/37343/365525/Annexure+B+-+Data+Template+for+General+and+Health+Insurers.pdf/76f29240-14e5-6f5b-2ce9-d5b23f94536e?version=1.0&t=1786101300881&download=true,https://irdai.gov.in/circulars?p_p_id=com_irdai_document_media_IRDAIDocumentMediaPortlet&p_p_lifecycle=0&p_p_state=normal&p_p_mode=view&_com_irdai_document_media_IRDAIDocumentMediaPortlet_delta=20&_com_irdai_document_media_IRDAIDocumentMediaPortlet_resetCur=false&_com_irdai_document_media_IRDAIDocumentMediaPortlet_cur=31,Annexure B - Data Template for General and Health Insurers.pdf,1.0,1786101300,2026-08-09 02:22:54,343.9,04fd253cb7649c69ab06ec2f6327440f,false
